Date,East Coast,New England,central_atlantic,Lower Atlantic,Midwest Gasoline,Gulf Coast,Rocky Mountain,West Coast
11-May-92,1.071,,,,1.103,1.084,1.117,1.189
18-May-92,1.085,,,,1.118,1.095,1.169,1.208
25-May-92,1.092,,,,1.117,1.094,1.159,1.218
1-Jun-92,1.1,,,,1.122,1.108,1.155,1.228
8-Jun-92,1.114,,,,1.137,1.12,1.178,1.246
15-Jun-92,1.122,,,,1.145,1.127,1.212,1.252
22-Jun-92,1.128,,,,1.141,1.13,1.219,1.263
29-Jun-92,1.129,,,,1.13,1.129,1.212,1.264
6-Jul-92,1.13,,,,1.122,1.131,1.2,1.267
13-Jul-92,1.126,,,,1.107,1.127,1.2,1.265
20-Jul-92,1.123,,,,1.093,1.12,1.208,1.265
27-Jul-92,1.121,,,,1.086,1.118,1.198,1.265
3-Aug-92,1.118,,,,1.085,1.117,1.189,1.263
10-Aug-92,1.115,,,,1.08,1.116,1.187,1.261
17-Aug-92,1.111,,,,1.068,1.113,1.18,1.254
24-Aug-92,1.109,,,,1.089,1.108,1.213,1.247
31-Aug-92,1.106,,,,1.091,1.109,1.203,1.245
7-Sep-92,1.104,,,,1.091,1.114,1.202,1.239
14-Sep-92,1.103,,,,1.101,1.109,1.188,1.24
21-Sep-92,1.102,,,,1.104,1.105,1.178,1.236
28-Sep-92,1.098,,,,1.097,1.102,1.173,1.237
5-Oct-92,1.098,,,,1.091,1.097,1.167,1.224
12-Oct-92,1.097,,,,1.093,1.097,1.183,1.229
19-Oct-92,1.098,,,,1.087,1.094,1.177,1.233
26-Oct-92,1.098,,,,1.088,1.093,1.158,1.235
2-Nov-92,1.1,,,,1.096,1.096,1.206,1.245
9-Nov-92,1.103,,,,1.093,1.096,1.195,1.248
16-Nov-92,1.099,,,,1.079,1.092,1.182,1.246
23-Nov-92,1.097,,,,1.069,1.086,1.171,1.242
30-Nov-92,1.093,,,,1.056,1.083,1.157,1.237
7-Dec-92,1.088,,,,1.043,1.075,1.149,1.23
14-Dec-92,1.082,,,,1.025,1.068,1.136,1.222
21-Dec-92,1.075,,,,1.025,1.063,1.127,1.218
28-Dec-92,1.072,,,,1.018,1.059,1.117,1.214
4-Jan-93,1.067,,,,1.014,1.057,1.105,1.21
11-Jan-93,1.061,,,,1.024,1.057,1.092,1.209
18-Jan-93,1.054,,,,1.02,1.05,1.076,1.211
25-Jan-93,1.049,,,,1.006,1.046,1.119,1.209
1-Feb-93,1.048,,,,1.012,1.043,1.106,1.204
8-Feb-93,1.047,,,,1.033,1.044,1.099,1.197
15-Feb-93,1.042,,,,1.019,1.038,1.086,1.189
22-Feb-93,1.037,,,,1.008,1.033,1.078,1.189
1-Mar-93,1.034,,,,1.003,1.027,1.084,1.178
8-Mar-93,1.031,,,,1.02,1.043,1.08,1.165
15-Mar-93,1.036,,,,1.039,1.052,1.081,1.162
22-Mar-93,1.036,,,,1.031,1.056,1.108,1.157
29-Mar-93,1.036,,,,1.036,1.055,1.103,1.152
5-Apr-93,1.04,1.068,1.068,1.023,1.061,1.064,1.093,1.152
12-Apr-93,1.047,1.073,1.072,1.032,1.077,1.071,1.118,1.154
19-Apr-93,1.054,1.074,1.077,1.04,1.067,1.081,1.12,1.155
26-Apr-93,1.059,1.076,1.08,1.046,1.078,1.081,1.169,1.157
3-May-93,1.062,1.08,1.084,1.05,1.073,1.084,1.161,1.161
10-May-93,1.069,1.091,1.09,1.057,1.091,1.088,1.143,1.171
17-May-93,1.073,1.096,1.095,1.06,1.107,1.097,1.136,1.177
24-May-93,1.075,1.096,1.094,1.064,1.103,1.096,1.17,1.178
31-May-93,1.078,1.097,1.099,1.065,1.102,1.096,1.164,1.186
7-Jun-93,1.078,1.102,1.098,1.064,1.095,1.095,1.149,1.188
14-Jun-93,1.076,1.103,1.097,1.062,1.092,1.094,1.137,1.188
21-Jun-93,1.075,1.101,1.095,1.062,1.077,1.09,1.132,1.186
28-Jun-93,1.072,1.1,1.095,1.057,1.068,1.087,1.12,1.182
5-Jul-93,1.068,1.096,1.091,1.054,1.063,1.089,1.111,1.181
12-Jul-93,1.066,1.095,1.09,1.05,1.054,1.083,1.134,1.177
19-Jul-93,1.062,1.091,1.086,1.046,1.045,1.08,1.124,1.172
26-Jul-93,1.059,1.089,1.083,1.043,1.036,1.075,1.114,1.168
2-Aug-93,1.054,1.086,1.077,1.038,1.028,1.07,1.103,1.158
9-Aug-93,1.051,1.081,1.076,1.035,1.026,1.067,1.092,1.159
16-Aug-93,1.047,1.077,1.075,1.03,1.025,1.064,1.134,1.154
23-Aug-93,1.045,1.072,1.074,1.028,1.043,1.067,1.129,1.155
30-Aug-93,1.041,1.069,1.068,1.024,1.04,1.062,1.121,1.155
6-Sep-93,1.037,1.065,1.065,1.02,1.029,1.06,1.108,1.154
13-Sep-93,1.034,1.068,1.063,1.016,1.02,1.054,1.108,1.154
20-Sep-93,1.028,1.063,1.059,1.009,1.009,1.05,1.093,1.165
27-Sep-93,1.024,1.06,1.057,1.003,1.016,1.042,1.132,1.171
4-Oct-93,1.068,1.101,1.104,1.047,1.063,1.086,1.155,1.22
11-Oct-93,1.064,1.092,1.102,1.042,1.065,1.081,1.144,1.215
18-Oct-93,1.063,1.093,1.1,1.041,1.078,1.078,1.149,1.209
25-Oct-93,1.061,1.091,1.1,1.039,1.074,1.073,1.202,1.202
1-Nov-93,1.057,1.087,1.099,1.034,1.062,1.069,1.186,1.198
8-Nov-93,1.053,1.081,1.097,1.029,1.051,1.062,1.169,1.186
15-Nov-93,1.048,1.081,1.09,1.025,1.034,1.052,1.158,1.176
22-Nov-93,1.043,1.076,1.085,1.019,1.026,1.044,1.171,1.167
29-Nov-93,1.038,1.074,1.081,1.013,1.017,1.04,1.158,1.158
6-Dec-93,1.028,1.064,1.071,1.003,0.994,1.03,1.154,1.147
13-Dec-93,1.015,1.055,1.064,0.986,0.969,1.014,1.135,1.134
20-Dec-93,1.004,1.047,1.056,0.974,0.948,1.001,1.115,1.122
27-Dec-93,0.997,1.04,1.051,0.966,0.949,0.993,1.098,1.12
3-Jan-94,0.992,1.037,1.044,0.962,0.939,0.989,1.085,1.117
10-Jan-94,0.989,1.036,1.041,0.958,0.956,0.984,1.065,1.111
17-Jan-94,0.987,1.036,1.033,0.958,0.974,0.982,1.092,1.105
24-Jan-94,0.985,1.032,1.03,0.957,0.972,0.981,1.075,1.104
31-Jan-94,0.984,1.028,1.031,0.955,0.989,0.983,1.063,1.104
7-Feb-94,0.989,1.028,1.035,0.962,0.989,0.986,1.056,1.105
14-Feb-94,0.996,1.033,1.038,0.972,1.001,0.992,1.097,1.106
21-Feb-94,0.997,1.035,1.04,0.972,0.984,0.985,1.073,1.11
28-Feb-94,0.996,1.036,1.038,0.97,0.975,0.981,1.062,1.112
7-Mar-94,0.994,1.041,1.036,0.968,0.988,0.978,1.042,1.108
14-Mar-94,0.993,1.038,1.034,0.968,0.981,0.976,1.089,1.109
21-Mar-94,0.992,1.034,1.031,0.969,0.984,0.981,1.064,1.115
28-Mar-94,0.996,1.033,1.029,0.975,0.992,0.995,1.036,1.114
4-Apr-94,0.996,1.032,1.027,0.976,0.989,0.999,1.027,1.115
11-Apr-94,1.004,1.033,1.028,0.988,1.019,1.01,1.081,1.117
18-Apr-94,1.008,1.036,1.035,0.992,1.025,1.015,1.059,1.128
25-Apr-94,1.013,1.039,1.04,0.996,1.029,1.021,1.039,1.133
2-May-94,1.017,1.043,1.049,0.998,1.029,1.024,1.039,1.14
9-May-94,1.018,1.046,1.051,0.999,1.036,1.024,1.104,1.142
16-May-94,1.021,1.057,1.055,1,1.034,1.025,1.091,1.146
23-May-94,1.023,1.061,1.058,1.001,1.045,1.023,1.069,1.15
30-May-94,1.028,1.066,1.069,1.003,1.053,1.028,1.076,1.152
6-Jun-94,1.036,1.071,1.077,1.012,1.059,1.037,1.135,1.163
13-Jun-94,1.044,1.078,1.084,1.021,1.067,1.049,1.126,1.166
20-Jun-94,1.05,1.087,1.089,1.028,1.075,1.051,1.128,1.17
27-Jun-94,1.062,1.096,1.1,1.04,1.097,1.067,1.156,1.179
4-Jul-94,1.068,1.105,1.106,1.044,1.095,1.072,1.142,1.184
11-Jul-94,1.07,1.105,1.109,1.046,1.099,1.072,1.194,1.195
18-Jul-94,1.074,1.108,1.118,1.049,1.109,1.079,1.179,1.199
25-Jul-94,1.079,1.112,1.123,1.054,1.119,1.081,1.163,1.205
1-Aug-94,1.089,1.122,1.134,1.063,1.14,1.096,1.215,1.215
8-Aug-94,1.113,1.148,1.154,1.089,1.175,1.126,1.235,1.223
15-Aug-94,1.124,1.162,1.165,1.1,1.172,1.132,1.234,1.225
22-Aug-94,1.127,1.166,1.167,1.103,1.179,1.134,1.23,1.227
29-Aug-94,1.126,1.167,1.168,1.1,1.164,1.134,1.293,1.227
5-Sep-94,1.122,1.164,1.163,1.098,1.158,1.131,1.282,1.227
12-Sep-94,1.121,1.16,1.163,1.096,1.145,1.129,1.266,1.226
19-Sep-94,1.116,1.152,1.157,1.091,1.128,1.123,1.249,1.225
26-Sep-94,1.111,1.146,1.155,1.085,1.11,1.114,1.23,1.222
3-Oct-94,1.105,1.136,1.153,1.078,1.092,1.109,1.205,1.231
10-Oct-94,1.1,1.137,1.147,1.072,1.087,1.103,1.178,1.231
17-Oct-94,1.098,1.138,1.146,1.069,1.073,1.096,1.16,1.229
24-Oct-94,1.098,1.135,1.148,1.069,1.072,1.093,1.213,1.227
31-Oct-94,1.112,1.148,1.163,1.083,1.094,1.105,1.189,1.228
7-Nov-94,1.122,1.159,1.174,1.091,1.092,1.111,1.174,1.228
14-Nov-94,1.121,1.161,1.177,1.088,1.087,1.105,1.209,1.233
21-Nov-94,1.116,1.161,1.175,1.083,1.072,1.1,1.186,1.229
28-Nov-94,1.112,1.162,1.172,1.078,1.056,1.103,1.156,1.227
5-Dec-94,1.115,1.177,1.181,1.072,1.044,1.109,1.169,1.226
12-Dec-94,1.11,1.176,1.177,1.064,1.028,1.108,1.169,1.222
19-Dec-94,1.104,1.173,1.174,1.055,1.019,1.107,1.144,1.216
26-Dec-94,1.099,1.166,1.171,1.048,1.007,1.094,1.121,1.214
2-Jan-95,1.092,1.163,1.166,1.04,1.01,1.094,1.144,1.223
9-Jan-95,1.09,1.16,1.164,1.039,1.03,1.095,1.126,1.223
16-Jan-95,1.086,1.157,1.155,1.036,1.015,1.093,1.104,1.218
23-Jan-95,1.085,1.159,1.151,1.036,1.035,1.085,1.132,1.211
30-Jan-95,1.084,1.156,1.146,1.037,1.035,1.089,1.111,1.208
6-Feb-95,1.081,1.156,1.142,1.035,1.026,1.086,1.091,1.203
13-Feb-95,1.076,1.155,1.138,1.03,1.023,1.081,1.119,1.201
20-Feb-95,1.073,1.152,1.134,1.027,1.014,1.074,1.099,1.199
27-Feb-95,1.073,1.152,1.13,1.028,1.033,1.079,1.082,1.195
6-Mar-95,1.073,1.149,1.129,1.03,1.034,1.079,1.121,1.193
13-Mar-95,1.069,1.144,1.125,1.026,1.025,1.074,1.101,1.187
20-Mar-95,1.065,1.139,1.12,1.022,1.031,1.064,1.084,1.186
27-Mar-95,1.063,1.135,1.117,1.021,1.048,1.067,1.131,1.18
3-Apr-95,1.067,1.136,1.118,1.028,1.071,1.08,1.117,1.181
10-Apr-95,1.079,1.139,1.122,1.044,1.089,1.097,1.148,1.197
17-Apr-95,1.096,1.147,1.134,1.067,1.103,1.115,1.141,1.202
24-Apr-95,1.124,1.167,1.156,1.099,1.125,1.14,1.123,1.217
1-May-95,1.138,1.182,1.173,1.11,1.124,1.157,1.166,1.227
8-May-95,1.161,1.199,1.196,1.136,1.154,1.171,1.146,1.238
15-May-95,1.172,1.215,1.21,1.144,1.161,1.181,1.19,1.247
22-May-95,1.19,1.232,1.227,1.163,1.187,1.196,1.176,1.251
29-May-95,1.2,1.251,1.241,1.169,1.181,1.204,1.18,1.254
5-Jun-95,1.202,1.254,1.244,1.171,1.18,1.204,1.171,1.254
12-Jun-95,1.201,1.256,1.244,1.169,1.174,1.199,1.185,1.251
19-Jun-95,1.199,1.256,1.242,1.165,1.162,1.196,1.176,1.249
26-Jun-95,1.195,1.254,1.242,1.159,1.15,1.193,1.168,1.245
3-Jul-95,1.188,1.253,1.238,1.149,1.14,1.185,1.179,1.244
10-Jul-95,1.183,1.25,1.234,1.144,1.123,1.176,1.158,1.239
17-Jul-95,1.176,1.248,1.227,1.135,1.107,1.164,1.146,1.232
24-Jul-95,1.168,1.242,1.221,1.124,1.094,1.151,1.169,1.226
31-Jul-95,1.157,1.236,1.214,1.109,1.08,1.14,1.152,1.217
7-Aug-95,1.151,1.231,1.207,1.106,1.082,1.128,1.131,1.21
14-Aug-95,1.144,1.224,1.201,1.098,1.081,1.124,1.163,1.206
21-Aug-95,1.141,1.222,1.195,1.096,1.086,1.117,1.15,1.204
28-Aug-95,1.136,1.219,1.19,1.088,1.076,1.111,1.133,1.204
4-Sep-95,1.127,1.216,1.185,1.079,1.077,1.103,1.13,1.202
11-Sep-95,1.124,1.214,1.182,1.076,1.074,1.097,1.166,1.196
18-Sep-95,1.119,1.211,1.178,1.07,1.076,1.093,1.163,1.195
25-Sep-95,1.117,1.207,1.178,1.068,1.078,1.09,1.151,1.193
2-Oct-95,1.111,1.206,1.171,1.062,1.071,1.08,1.177,1.201
9-Oct-95,1.106,1.202,1.165,1.058,1.057,1.079,1.158,1.201
16-Oct-95,1.098,1.196,1.156,1.05,1.041,1.072,1.129,1.202
23-Oct-95,1.088,1.188,1.146,1.04,1.033,1.064,1.116,1.201
30-Oct-95,1.079,1.177,1.135,1.032,1.015,1.054,1.154,1.195
6-Nov-95,1.068,1.164,1.126,1.021,1.021,1.047,1.134,1.19
13-Nov-95,1.063,1.156,1.12,1.017,1.025,1.043,1.116,1.187
20-Nov-95,1.056,1.146,1.116,1.009,1.021,1.039,1.16,1.182
27-Nov-95,1.055,1.142,1.115,1.007,1.027,1.04,1.147,1.178
4-Dec-95,1.055,1.149,1.119,1.003,1.033,1.04,1.122,1.175
11-Dec-95,1.057,1.152,1.124,1.004,1.031,1.046,1.14,1.175
18-Dec-95,1.061,1.16,1.13,1.006,1.066,1.047,1.123,1.177
25-Dec-95,1.066,1.164,1.136,1.012,1.066,1.056,1.126,1.181
1-Jan-96,1.071,1.175,1.14,1.016,1.068,1.056,1.113,1.179
8-Jan-96,1.074,1.176,1.141,1.02,1.087,1.063,1.126,1.18
15-Jan-96,1.085,1.18,1.143,1.037,1.085,1.082,1.119,1.185
22-Jan-96,1.084,1.177,1.143,1.036,1.071,1.078,1.091,1.186
29-Jan-96,1.081,1.174,1.141,1.032,1.059,1.076,1.13,1.18
5-Feb-96,1.078,1.169,1.136,1.03,1.058,1.069,1.115,1.177
12-Feb-96,1.074,1.165,1.132,1.027,1.057,1.067,1.085,1.18
19-Feb-96,1.074,1.162,1.13,1.028,1.067,1.067,1.138,1.186
26-Feb-96,1.084,1.164,1.134,1.042,1.107,1.078,1.118,1.194
4-Mar-96,1.097,1.17,1.144,1.06,1.123,1.102,1.16,1.202
11-Mar-96,1.102,1.171,1.147,1.066,1.114,1.111,1.143,1.225
18-Mar-96,1.108,1.171,1.149,1.075,1.13,1.122,1.122,1.239
25-Mar-96,1.131,1.187,1.165,1.102,1.166,1.148,1.178,1.254
1-Apr-96,1.151,1.205,1.184,1.124,1.174,1.164,1.174,1.276
8-Apr-96,1.172,1.223,1.2,1.148,1.197,1.19,1.225,1.308
15-Apr-96,1.216,1.267,1.24,1.195,1.232,1.233,1.232,1.351
22-Apr-96,1.232,1.28,1.26,1.209,1.222,1.252,1.237,1.431
29-Apr-96,1.243,1.304,1.275,1.214,1.233,1.254,1.311,1.481
6-May-96,1.253,1.322,1.294,1.219,1.224,1.256,1.316,1.497
13-May-96,1.256,1.326,1.299,1.22,1.229,1.256,1.298,1.501
20-May-96,1.256,1.33,1.301,1.219,1.247,1.253,1.333,1.496
27-May-96,1.254,1.328,1.297,1.217,1.23,1.245,1.319,1.492
3-Jun-96,1.251,1.326,1.297,1.214,1.22,1.243,1.29,1.486
10-Jun-96,1.244,1.319,1.29,1.206,1.215,1.239,1.267,1.478
17-Jun-96,1.235,1.308,1.283,1.196,1.211,1.232,1.304,1.466
24-Jun-96,1.228,1.301,1.277,1.188,1.198,1.215,1.277,1.456
1-Jul-96,1.218,1.289,1.268,1.179,1.183,1.207,1.279,1.444
8-Jul-96,1.213,1.286,1.263,1.173,1.186,1.201,1.266,1.438
15-Jul-96,1.209,1.279,1.256,1.171,1.189,1.195,1.237,1.43
22-Jul-96,1.205,1.277,1.252,1.167,1.192,1.191,1.271,1.419
29-Jul-96,1.2,1.269,1.245,1.164,1.178,1.191,1.252,1.407
5-Aug-96,1.194,1.263,1.237,1.159,1.163,1.184,1.239,1.393
12-Aug-96,1.188,1.259,1.231,1.153,1.159,1.178,1.277,1.38
19-Aug-96,1.184,1.255,1.227,1.149,1.174,1.175,1.254,1.367
26-Aug-96,1.182,1.256,1.223,1.146,1.183,1.169,1.278,1.376
2-Sep-96,1.178,1.254,1.22,1.141,1.17,1.167,1.265,1.342
9-Sep-96,1.181,1.255,1.219,1.147,1.186,1.169,1.25,1.329
16-Sep-96,1.182,1.256,1.221,1.148,1.189,1.173,1.284,1.329
23-Sep-96,1.181,1.257,1.222,1.145,1.191,1.177,1.267,1.326
30-Sep-96,1.179,1.255,1.223,1.142,1.183,1.175,1.25,1.317
7-Oct-96,1.177,1.256,1.221,1.139,1.17,1.169,1.277,1.308
14-Oct-96,1.184,1.259,1.224,1.149,1.194,1.173,1.261,1.299
21-Oct-96,1.191,1.262,1.227,1.16,1.191,1.181,1.251,1.287
28-Oct-96,1.198,1.269,1.234,1.167,1.217,1.179,1.274,1.271
4-Nov-96,1.211,1.281,1.249,1.179,1.228,1.193,1.27,1.259
11-Nov-96,1.214,1.281,1.253,1.181,1.237,1.202,1.264,1.24
18-Nov-96,1.229,1.293,1.269,1.196,1.247,1.209,1.297,1.231
25-Nov-96,1.237,1.303,1.283,1.2,1.261,1.219,1.279,1.225
2-Dec-96,1.241,1.314,1.292,1.201,1.256,1.216,1.263,1.221
9-Dec-96,1.247,1.328,1.299,1.204,1.253,1.219,1.248,1.218
16-Dec-96,1.248,1.334,1.306,1.201,1.235,1.217,1.283,1.218
23-Dec-96,1.247,1.336,1.306,1.2,1.224,1.217,1.265,1.222
30-Dec-96,1.246,1.338,1.307,1.196,1.217,1.216,1.245,1.227
6-Jan-97,1.245,1.338,1.304,1.197,1.209,1.214,1.236,1.239
13-Jan-97,1.249,1.337,1.307,1.201,1.239,1.212,1.26,1.259
20-Jan-97,1.249,1.334,1.305,1.202,1.237,1.214,1.247,1.273
27-Jan-97,1.246,1.331,1.303,1.199,1.23,1.208,1.26,1.279
3-Feb-97,1.244,1.331,1.298,1.199,1.224,1.209,1.24,1.291
10-Feb-97,1.242,1.329,1.294,1.198,1.211,1.216,1.263,1.303
17-Feb-97,1.237,1.322,1.289,1.193,1.196,1.218,1.248,1.305
24-Feb-97,1.23,1.313,1.28,1.189,1.196,1.206,1.242,1.31
3-Mar-97,1.223,1.303,1.27,1.184,1.181,1.197,1.261,1.309
10-Mar-97,1.217,1.293,1.26,1.18,1.165,1.192,1.242,1.318
17-Mar-97,1.209,1.282,1.251,1.172,1.152,1.185,1.259,1.324
24-Mar-97,1.205,1.28,1.241,1.172,1.168,1.185,1.235,1.331
31-Mar-97,1.202,1.277,1.237,1.17,1.157,1.183,1.219,1.348
7-Apr-97,1.198,1.272,1.232,1.167,1.155,1.183,1.267,1.363
14-Apr-97,1.194,1.265,1.224,1.164,1.15,1.178,1.254,1.37
21-Apr-97,1.187,1.257,1.216,1.159,1.158,1.171,1.275,1.369
28-Apr-97,1.181,1.251,1.21,1.152,1.159,1.167,1.247,1.363
5-May-97,1.18,1.243,1.22,1.147,1.158,1.165,1.224,1.356
12-May-97,1.175,1.24,1.216,1.142,1.162,1.157,1.273,1.351
19-May-97,1.179,1.24,1.22,1.147,1.193,1.157,1.253,1.342
26-May-97,1.181,1.25,1.224,1.146,1.213,1.17,1.231,1.334
2-Jun-97,1.184,1.253,1.228,1.148,1.215,1.167,1.279,1.327
9-Jun-97,1.181,1.252,1.228,1.142,1.205,1.167,1.257,1.317
16-Jun-97,1.177,1.247,1.226,1.137,1.191,1.163,1.23,1.309
23-Jun-97,1.171,1.24,1.219,1.132,1.178,1.151,1.208,1.298
30-Jun-97,1.164,1.234,1.213,1.125,1.164,1.149,1.265,1.282
7-Jul-97,1.159,1.227,1.209,1.119,1.163,1.146,1.252,1.275
14-Jul-97,1.156,1.219,1.205,1.118,1.157,1.138,1.275,1.269
21-Jul-97,1.154,1.219,1.203,1.115,1.173,1.14,1.253,1.261
28-Jul-97,1.154,1.22,1.202,1.116,1.161,1.14,1.227,1.251
4-Aug-97,1.173,1.249,1.222,1.132,1.194,1.152,1.253,1.267
11-Aug-97,1.202,1.275,1.247,1.165,1.238,1.182,1.255,1.303
18-Aug-97,1.21,1.293,1.26,1.168,1.224,1.183,1.28,1.33
25-Aug-97,1.228,1.325,1.288,1.178,1.236,1.192,1.281,1.36
1-Sep-97,1.232,1.332,1.297,1.18,1.227,1.19,1.265,1.38
8-Sep-97,1.234,1.332,1.299,1.18,1.217,1.187,1.305,1.397
15-Sep-97,1.229,1.325,1.295,1.175,1.201,1.187,1.285,1.411
22-Sep-97,1.222,1.313,1.289,1.168,1.181,1.182,1.259,1.411
29-Sep-97,1.211,1.303,1.278,1.158,1.159,1.172,1.246,1.407
6-Oct-97,1.202,1.297,1.269,1.149,1.166,1.165,1.242,1.407
13-Oct-97,1.197,1.295,1.262,1.144,1.151,1.161,1.29,1.396
20-Oct-97,1.189,1.286,1.252,1.138,1.137,1.157,1.272,1.391
27-Oct-97,1.181,1.276,1.243,1.131,1.126,1.143,1.258,1.384
3-Nov-97,1.173,1.267,1.231,1.124,1.123,1.137,1.244,1.375
10-Nov-97,1.166,1.259,1.224,1.119,1.131,1.132,1.287,1.364
17-Nov-97,1.159,1.251,1.215,1.112,1.12,1.129,1.272,1.354
24-Nov-97,1.151,1.245,1.205,1.105,1.12,1.121,1.242,1.343
1-Dec-97,1.144,1.236,1.198,1.1,1.105,1.119,1.221,1.334
8-Dec-97,1.135,1.225,1.19,1.09,1.086,1.11,1.262,1.32
15-Dec-97,1.126,1.214,1.179,1.08,1.073,1.102,1.267,1.309
22-Dec-97,1.117,1.202,1.171,1.071,1.064,1.09,1.245,1.3
29-Dec-97,1.109,1.198,1.166,1.062,1.051,1.087,1.223,1.293
5-Jan-98,1.104,1.193,1.16,1.057,1.036,1.082,1.201,1.286
12-Jan-98,1.094,1.179,1.147,1.049,1.037,1.074,1.178,1.27
19-Jan-98,1.083,1.167,1.135,1.038,1.023,1.065,1.203,1.25
26-Jan-98,1.07,1.159,1.121,1.026,0.999,1.06,1.177,1.233
2-Feb-98,1.06,1.15,1.106,1.018,1.013,1.038,1.146,1.213
9-Feb-98,1.053,1.139,1.097,1.012,1.012,1.039,1.098,1.189
16-Feb-98,1.041,1.124,1.085,1.001,1,1.026,1.053,1.167
23-Feb-98,1.034,1.116,1.073,0.997,1.027,1.015,1.097,1.142
2-Mar-98,1.026,1.104,1.061,0.991,1.009,1.01,1.053,1.11
9-Mar-98,1.016,1.087,1.048,0.985,1.001,1.007,1.031,1.083
16-Mar-98,1.002,1.07,1.033,0.973,0.994,0.995,1.016,1.077
23-Mar-98,0.992,1.052,1.025,0.963,0.991,0.983,0.993,1.073
30-Mar-98,1.012,1.067,1.048,0.983,1.033,1.002,1.043,1.093
6-Apr-98,1.016,1.074,1.05,0.987,1.022,1.008,1.032,1.098
13-Apr-98,1.015,1.07,1.049,0.986,1.009,1.004,1.054,1.119
20-Apr-98,1.012,1.066,1.048,0.983,1.021,0.998,1.059,1.118
27-Apr-98,1.017,1.062,1.051,0.99,1.039,1.005,1.055,1.132
4-May-98,1.018,1.065,1.054,0.991,1.046,1.003,1.065,1.18
11-May-98,1.027,1.075,1.062,0.999,1.065,1.012,1.101,1.196
18-May-98,1.028,1.078,1.074,0.992,1.081,1.002,1.127,1.205
25-May-98,1.03,1.084,1.077,0.993,1.075,0.998,1.122,1.209
1-Jun-98,1.029,1.083,1.077,0.992,1.067,1.001,1.115,1.202
8-Jun-98,1.03,1.084,1.078,0.992,1.09,1,1.169,1.192
15-Jun-98,1.025,1.085,1.074,0.985,1.07,1.001,1.156,1.19
22-Jun-98,1.022,1.081,1.072,0.982,1.055,0.997,1.151,1.184
29-Jun-98,1.021,1.081,1.071,0.981,1.06,0.992,1.13,1.18
6-Jul-98,1.016,1.071,1.067,0.977,1.07,0.99,1.121,1.176
13-Jul-98,1.019,1.062,1.068,0.983,1.058,0.987,1.118,1.173
20-Jul-98,1.016,1.063,1.066,0.98,1.074,0.99,1.123,1.17
27-Jul-98,1.01,1.06,1.062,0.971,1.058,0.985,1.119,1.168
3-Aug-98,1.004,1.053,1.058,0.965,1.039,0.977,1.111,1.16
10-Aug-98,1,1.051,1.055,0.959,1.031,0.971,1.105,1.156
17-Aug-98,0.994,1.049,1.049,0.953,1.02,0.968,1.122,1.153
24-Aug-98,0.989,1.044,1.043,0.949,1.007,0.965,1.118,1.148
31-Aug-98,0.985,1.039,1.038,0.946,1.003,0.953,1.108,1.141
7-Sep-98,0.98,1.03,1.034,0.941,0.997,0.943,1.094,1.136
14-Sep-98,0.976,1.03,1.031,0.935,0.991,0.941,1.109,1.128
21-Sep-98,0.974,1.025,1.03,0.934,1.016,0.941,1.108,1.145
28-Sep-98,0.981,1.034,1.034,0.941,1.011,0.949,1.095,1.143
5-Oct-98,0.987,1.04,1.039,0.948,1.02,0.957,1.088,1.138
12-Oct-98,0.998,1.047,1.047,0.961,1.015,0.968,1.107,1.133
19-Oct-98,0.997,1.046,1.044,0.961,1.008,0.968,1.097,1.129
26-Oct-98,0.994,1.043,1.044,0.957,1.002,0.962,1.095,1.13
2-Nov-98,0.992,1.039,1.038,0.957,0.995,0.956,1.087,1.127
9-Nov-98,0.99,1.037,1.038,0.954,0.996,0.951,1.081,1.124
16-Nov-98,0.983,1.035,1.034,0.945,0.97,0.945,1.095,1.125
23-Nov-98,0.975,1.031,1.023,0.937,0.96,0.934,1.079,1.133
30-Nov-98,0.965,1.025,1.014,0.926,0.934,0.924,1.065,1.129
7-Dec-98,0.95,1.018,1.001,0.908,0.905,0.912,1.038,1.121
14-Dec-98,0.939,1.012,0.989,0.897,0.901,0.901,1.002,1.113
21-Dec-98,0.934,1.006,0.984,0.892,0.908,0.897,0.972,1.109
28-Dec-98,0.927,1.001,0.979,0.884,0.899,0.893,0.959,1.106
4-Jan-99,0.926,0.999,0.974,0.885,0.896,0.893,0.956,1.104
11-Jan-99,0.923,0.995,0.971,0.881,0.916,0.893,0.953,1.099
18-Jan-99,0.923,0.994,0.972,0.881,0.922,0.899,0.967,1.093
25-Jan-99,0.918,0.986,0.965,0.879,0.911,0.892,0.96,1.088
1-Feb-99,0.911,0.977,0.957,0.873,0.903,0.887,0.961,1.079
8-Feb-99,0.907,0.972,0.949,0.87,0.903,0.888,0.952,1.072
15-Feb-99,0.9,0.967,0.942,0.863,0.89,0.885,0.958,1.067
22-Feb-99,0.894,0.956,0.934,0.86,0.863,0.879,0.956,1.072
1-Mar-99,0.889,0.95,0.93,0.854,0.883,0.874,0.956,1.075
8-Mar-99,0.89,0.95,0.929,0.856,0.891,0.873,0.962,1.115
15-Mar-99,0.93,0.976,0.958,0.905,0.977,0.912,1.004,1.148
22-Mar-99,0.964,1.005,0.987,0.943,1.025,0.948,1.034,1.184
29-Mar-99,0.999,1.036,1.025,0.978,1.077,0.995,1.112,1.365
5-Apr-99,1.031,1.073,1.055,1.01,1.089,1.025,1.162,1.482
12-Apr-99,1.053,1.097,1.082,1.027,1.107,1.038,1.182,1.527
19-Apr-99,1.058,1.106,1.096,1.028,1.093,1.045,1.189,1.508
26-Apr-99,1.062,1.116,1.101,1.03,1.083,1.05,1.192,1.488
3-May-99,1.072,1.119,1.109,1.043,1.095,1.052,1.196,1.467
10-May-99,1.08,1.128,1.123,1.047,1.103,1.056,1.216,1.443
17-May-99,1.079,1.132,1.124,1.044,1.112,1.057,1.213,1.421
24-May-99,1.077,1.129,1.124,1.041,1.091,1.058,1.209,1.379
31-May-99,1.071,1.128,1.119,1.033,1.071,1.057,1.199,1.342
7-Jun-99,1.068,1.126,1.117,1.029,1.085,1.053,1.193,1.322
14-Jun-99,1.064,1.127,1.117,1.023,1.082,1.051,1.189,1.317
21-Jun-99,1.069,1.126,1.117,1.031,1.113,1.052,1.194,1.332
28-Jun-99,1.069,1.124,1.119,1.03,1.087,1.046,1.201,1.331
5-Jul-99,1.082,1.135,1.124,1.048,1.106,1.056,1.204,1.325
12-Jul-99,1.101,1.16,1.148,1.064,1.119,1.075,1.202,1.36
19-Jul-99,1.121,1.175,1.168,1.084,1.139,1.096,1.228,1.419
26-Jul-99,1.136,1.194,1.182,1.098,1.175,1.112,1.267,1.438
2-Aug-99,1.145,1.213,1.195,1.104,1.163,1.117,1.279,1.451
9-Aug-99,1.163,1.229,1.215,1.12,1.161,1.133,1.31,1.476
16-Aug-99,1.18,1.252,1.234,1.137,1.217,1.15,1.332,1.477
23-Aug-99,1.188,1.26,1.242,1.145,1.202,1.158,1.354,1.47
30-Aug-99,1.192,1.262,1.247,1.147,1.197,1.167,1.357,1.458
6-Sep-99,1.196,1.273,1.253,1.149,1.227,1.168,1.36,1.433
13-Sep-99,1.214,1.281,1.265,1.172,1.231,1.18,1.362,1.423
20-Sep-99,1.231,1.294,1.284,1.188,1.266,1.198,1.361,1.404
27-Sep-99,1.235,1.301,1.293,1.19,1.251,1.208,1.357,1.382
4-Oct-99,1.242,1.321,1.304,1.191,1.232,1.209,1.352,1.371
11-Oct-99,1.244,1.324,1.306,1.193,1.214,1.207,1.347,1.377
18-Oct-99,1.237,1.325,1.304,1.183,1.186,1.203,1.347,1.372
25-Oct-99,1.233,1.321,1.298,1.179,1.2,1.197,1.336,1.359
1-Nov-99,1.23,1.319,1.294,1.177,1.195,1.191,1.326,1.344
8-Nov-99,1.225,1.315,1.289,1.172,1.213,1.187,1.317,1.334
15-Nov-99,1.233,1.317,1.291,1.184,1.248,1.197,1.315,1.342
22-Nov-99,1.253,1.325,1.301,1.211,1.269,1.211,1.307,1.356
29-Nov-99,1.271,1.336,1.322,1.23,1.259,1.232,1.306,1.363
6-Dec-99,1.271,1.339,1.323,1.229,1.249,1.232,1.316,1.374
13-Dec-99,1.271,1.34,1.322,1.228,1.258,1.23,1.317,1.369
20-Dec-99,1.27,1.342,1.323,1.226,1.248,1.227,1.308,1.36
27-Dec-99,1.269,1.346,1.325,1.223,1.262,1.227,1.301,1.357
3-Jan-00,1.268,1.349,1.326,1.22,1.259,1.227,1.297,1.355
10-Jan-00,1.269,1.349,1.318,1.226,1.242,1.221,1.289,1.352
17-Jan-00,1.27,1.343,1.318,1.228,1.281,1.221,1.283,1.346
24-Jan-00,1.297,1.368,1.341,1.259,1.347,1.252,1.283,1.35
31-Jan-00,1.303,1.369,1.346,1.266,1.325,1.262,1.316,1.377
7-Feb-00,1.315,1.373,1.352,1.282,1.336,1.275,1.316,1.38
14-Feb-00,1.337,1.385,1.364,1.313,1.381,1.306,1.329,1.392
21-Feb-00,1.372,1.412,1.394,1.352,1.456,1.341,1.356,1.429
28-Feb-00,1.387,1.423,1.405,1.37,1.451,1.357,1.381,1.494
6-Mar-00,1.468,1.507,1.494,1.447,1.524,1.448,1.45,1.585
13-Mar-00,1.511,1.554,1.542,1.486,1.513,1.471,1.506,1.671
20-Mar-00,1.515,1.563,1.547,1.488,1.486,1.48,1.541,1.731
27-Mar-00,1.499,1.556,1.541,1.465,1.445,1.468,1.545,1.734
3-Apr-00,1.487,1.536,1.532,1.453,1.449,1.455,1.541,1.724
10-Apr-00,1.466,1.524,1.516,1.427,1.407,1.435,1.53,1.707
17-Apr-00,1.441,1.503,1.493,1.4,1.365,1.409,1.511,1.685
24-Apr-00,1.422,1.493,1.48,1.375,1.381,1.391,1.493,1.661
1-May-00,1.41,1.485,1.469,1.362,1.358,1.381,1.473,1.64
8-May-00,1.427,1.486,1.473,1.39,1.439,1.399,1.461,1.625
15-May-00,1.457,1.506,1.487,1.43,1.501,1.439,1.485,1.606
22-May-00,1.492,1.544,1.517,1.458,1.554,1.458,1.505,1.608
29-May-00,1.497,1.563,1.529,1.453,1.6,1.451,1.509,1.6
5-Jun-00,1.506,1.59,1.558,1.46,1.646,1.465,1.52,1.585
12-Jun-00,1.538,1.621,1.588,1.493,1.796,1.476,1.544,1.585
19-Jun-00,1.578,1.645,1.623,1.539,1.874,1.519,1.588,1.588
26-Jun-00,1.586,1.66,1.638,1.542,1.794,1.528,1.608,1.609
3-Jul-00,1.589,1.668,1.648,1.54,1.679,1.536,1.606,1.663
10-Jul-00,1.581,1.651,1.646,1.531,1.591,1.532,1.622,1.683
17-Jul-00,1.565,1.643,1.639,1.509,1.488,1.513,1.61,1.679
24-Jul-00,1.549,1.632,1.625,1.491,1.445,1.492,1.59,1.673
31-Jul-00,1.514,1.615,1.599,1.448,1.362,1.462,1.575,1.653
7-Aug-00,1.494,1.604,1.584,1.424,1.372,1.429,1.56,1.642
14-Aug-00,1.476,1.597,1.566,1.404,1.354,1.417,1.545,1.644
21-Aug-00,1.476,1.588,1.56,1.408,1.409,1.417,1.538,1.647
28-Aug-00,1.478,1.587,1.558,1.413,1.43,1.42,1.545,1.675
4-Sep-00,1.49,1.589,1.562,1.432,1.525,1.429,1.548,1.739
11-Sep-00,1.518,1.607,1.586,1.463,1.553,1.459,1.584,1.781
18-Sep-00,1.522,1.61,1.584,1.47,1.552,1.464,1.612,1.774
25-Sep-00,1.519,1.61,1.583,1.466,1.515,1.465,1.617,1.776
2-Oct-00,1.507,1.601,1.568,1.454,1.469,1.446,1.608,1.775
9-Oct-00,1.487,1.593,1.553,1.429,1.439,1.421,1.597,1.772
16-Oct-00,1.499,1.581,1.564,1.447,1.523,1.442,1.597,1.761
23-Oct-00,1.498,1.584,1.561,1.446,1.559,1.437,1.611,1.751
30-Oct-00,1.499,1.578,1.568,1.445,1.543,1.438,1.627,1.751
6-Nov-00,1.492,1.585,1.565,1.433,1.505,1.426,1.614,1.744
13-Nov-00,1.489,1.582,1.558,1.431,1.509,1.421,1.599,1.732
20-Nov-00,1.481,1.579,1.553,1.422,1.492,1.411,1.584,1.712
27-Nov-00,1.481,1.58,1.551,1.423,1.495,1.414,1.567,1.704
4-Dec-00,1.467,1.57,1.542,1.405,1.457,1.399,1.551,1.687
11-Dec-00,1.446,1.551,1.528,1.379,1.398,1.372,1.513,1.661
18-Dec-00,1.422,1.538,1.509,1.352,1.373,1.336,1.477,1.633
25-Dec-00,1.395,1.525,1.487,1.318,1.386,1.328,1.452,1.618
1-Jan-01,1.391,1.517,1.48,1.317,1.379,1.318,1.433,1.598
8-Jan-01,1.394,1.504,1.471,1.329,1.427,1.331,1.427,1.591
15-Jan-01,1.44,1.508,1.48,1.404,1.505,1.392,1.423,1.567
22-Jan-01,1.45,1.504,1.482,1.42,1.489,1.412,1.426,1.55
29-Jan-01,1.446,1.5,1.477,1.418,1.471,1.405,1.425,1.536
5-Feb-01,1.432,1.491,1.472,1.399,1.433,1.39,1.438,1.551
12-Feb-01,1.445,1.494,1.478,1.417,1.494,1.402,1.44,1.586
19-Feb-01,1.434,1.492,1.471,1.402,1.427,1.398,1.437,1.605
26-Feb-01,1.424,1.485,1.462,1.391,1.393,1.375,1.433,1.608
5-Mar-01,1.407,1.477,1.445,1.372,1.37,1.359,1.424,1.629
12-Mar-01,1.391,1.47,1.438,1.349,1.376,1.341,1.434,1.631
19-Mar-01,1.376,1.446,1.429,1.333,1.371,1.336,1.428,1.628
26-Mar-01,1.374,1.436,1.415,1.338,1.38,1.324,1.433,1.619
2-Apr-01,1.387,1.436,1.426,1.355,1.448,1.354,1.458,1.637
9-Apr-01,1.448,1.472,1.465,1.434,1.52,1.413,1.483,1.66
16-Apr-01,1.524,1.527,1.532,1.519,1.591,1.527,1.505,1.687
23-Apr-01,1.561,1.583,1.587,1.543,1.673,1.542,1.55,1.706
30-Apr-01,1.576,1.63,1.633,1.534,1.663,1.547,1.591,1.734
7-May-01,1.613,1.676,1.669,1.57,1.804,1.579,1.643,1.779
14-May-01,1.625,1.718,1.699,1.565,1.813,1.584,1.659,1.793
21-May-01,1.618,1.723,1.697,1.553,1.754,1.57,1.662,1.795
28-May-01,1.626,1.753,1.716,1.55,1.786,1.576,1.677,1.802
4-Jun-01,1.614,1.751,1.708,1.534,1.739,1.557,1.68,1.795
11-Jun-01,1.607,1.74,1.693,1.503,1.647,1.523,1.67,1.825
18-Jun-01,1.581,1.714,1.67,1.474,1.548,1.496,1.653,1.811
25-Jun-01,1.547,1.689,1.639,1.436,1.422,1.451,1.616,1.789
2-Jul-01,1.497,1.649,1.6,1.374,1.32,1.389,1.58,1.757
9-Jul-01,1.461,1.616,1.576,1.329,1.293,1.324,1.541,1.727
16-Jul-01,1.425,1.576,1.545,1.289,1.295,1.29,1.501,1.687
23-Jul-01,1.396,1.535,1.515,1.266,1.308,1.271,1.46,1.641
30-Jul-01,1.374,1.497,1.487,1.252,1.327,1.263,1.426,1.599
6-Aug-01,1.362,1.473,1.461,1.255,1.339,1.264,1.395,1.558
13-Aug-01,1.37,1.459,1.455,1.278,1.397,1.278,1.394,1.523
20-Aug-01,1.38,1.455,1.451,1.304,1.493,1.308,1.431,1.501
27-Aug-01,1.378,1.446,1.446,1.307,1.663,1.329,1.495,1.52
3-Sep-01,1.407,1.45,1.451,1.362,1.725,1.38,1.568,1.62
10-Sep-01,1.405,1.446,1.45,1.358,1.648,1.384,1.575,1.656
17-Sep-01,1.415,1.451,1.447,1.381,1.632,1.394,1.577,1.663
24-Sep-01,1.398,1.446,1.431,1.359,1.531,1.369,1.558,1.65
1-Oct-01,1.357,1.419,1.399,1.306,1.403,1.318,1.528,1.614
8-Oct-01,1.312,1.391,1.363,1.25,1.292,1.27,1.497,1.577
15-Oct-01,1.276,1.372,1.328,1.209,1.231,1.236,1.465,1.544
22-Oct-01,1.238,1.336,1.298,1.163,1.184,1.179,1.418,1.505
29-Oct-01,1.205,1.3,1.265,1.132,1.16,1.15,1.373,1.472
5-Nov-01,1.172,1.262,1.235,1.098,1.146,1.115,1.324,1.432
12-Nov-01,1.149,1.238,1.209,1.077,1.135,1.088,1.275,1.391
19-Nov-01,1.123,1.208,1.178,1.057,1.149,1.077,1.235,1.346
26-Nov-01,1.094,1.179,1.155,1.023,1.093,1.044,1.195,1.305
3-Dec-01,1.072,1.144,1.13,1.007,1.095,1.029,1.155,1.256
10-Dec-01,1.063,1.125,1.112,1.007,1.097,1.018,1.126,1.211
17-Dec-01,1.049,1.112,1.097,0.995,1.033,1.006,1.097,1.163
24-Dec-01,1.054,1.109,1.1,1.003,1.086,1.004,1.086,1.136
31-Dec-01,1.07,1.113,1.1,1.034,1.136,1.036,1.087,1.131
7-Jan-02,1.09,1.132,1.117,1.057,1.143,1.055,1.094,1.151
14-Jan-02,1.108,1.154,1.141,1.069,1.096,1.061,1.121,1.184
21-Jan-02,1.097,1.155,1.136,1.05,1.087,1.049,1.125,1.198
28-Jan-02,1.09,1.153,1.13,1.042,1.076,1.046,1.117,1.21
4-Feb-02,1.09,1.15,1.126,1.045,1.118,1.044,1.109,1.226
11-Feb-02,1.093,1.149,1.131,1.048,1.085,1.045,1.104,1.228
18-Feb-02,1.094,1.155,1.13,1.049,1.097,1.058,1.101,1.244
25-Feb-02,1.095,1.157,1.136,1.046,1.089,1.058,1.116,1.255
4-Mar-02,1.101,1.161,1.139,1.055,1.154,1.07,1.119,1.276
11-Mar-02,1.167,1.205,1.188,1.14,1.23,1.166,1.169,1.371
18-Mar-02,1.24,1.273,1.258,1.216,1.305,1.219,1.243,1.417
25-Mar-02,1.298,1.331,1.314,1.276,1.347,1.275,1.314,1.478
1-Apr-02,1.332,1.362,1.352,1.308,1.372,1.294,1.362,1.512
8-Apr-02,1.373,1.389,1.389,1.357,1.423,1.338,1.38,1.541
15-Apr-02,1.384,1.409,1.407,1.358,1.379,1.345,1.39,1.542
22-Apr-02,1.384,1.419,1.415,1.35,1.379,1.343,1.388,1.541
29-Apr-02,1.379,1.419,1.415,1.341,1.355,1.334,1.396,1.538
6-May-02,1.379,1.422,1.416,1.339,1.37,1.329,1.392,1.527
13-May-02,1.373,1.418,1.415,1.327,1.366,1.323,1.383,1.514
20-May-02,1.369,1.419,1.41,1.323,1.405,1.322,1.38,1.505
27-May-02,1.365,1.417,1.408,1.316,1.378,1.318,1.389,1.505
3-Jun-02,1.358,1.411,1.403,1.309,1.398,1.314,1.384,1.512
10-Jun-02,1.353,1.407,1.402,1.3,1.355,1.305,1.376,1.512
17-Jun-02,1.342,1.402,1.393,1.286,1.363,1.296,1.367,1.544
24-Jun-02,1.344,1.394,1.392,1.293,1.372,1.291,1.386,1.561
1-Jul-02,1.34,1.386,1.388,1.291,1.399,1.292,1.4,1.559
8-Jul-02,1.339,1.384,1.387,1.29,1.372,1.288,1.403,1.556
15-Jul-02,1.342,1.396,1.389,1.292,1.407,1.3,1.4,1.549
22-Jul-02,1.37,1.418,1.42,1.319,1.419,1.315,1.455,1.541
29-Jul-02,1.371,1.429,1.419,1.317,1.415,1.31,1.463,1.532
5-Aug-02,1.374,1.439,1.428,1.313,1.369,1.312,1.463,1.541
12-Aug-02,1.373,1.439,1.427,1.313,1.37,1.304,1.456,1.536
19-Aug-02,1.367,1.441,1.425,1.302,1.374,1.309,1.449,1.53
26-Aug-02,1.37,1.445,1.431,1.303,1.402,1.31,1.45,1.537
2-Sep-02,1.37,1.444,1.43,1.302,1.374,1.309,1.446,1.539
9-Sep-02,1.367,1.442,1.429,1.299,1.384,1.309,1.444,1.531
16-Sep-02,1.373,1.441,1.433,1.307,1.397,1.318,1.44,1.524
23-Sep-02,1.376,1.442,1.434,1.314,1.377,1.324,1.437,1.514
30-Sep-02,1.396,1.448,1.443,1.345,1.41,1.345,1.442,1.506
7-Oct-02,1.415,1.453,1.449,1.379,1.464,1.368,1.461,1.494
14-Oct-02,1.414,1.454,1.45,1.375,1.473,1.376,1.465,1.482
21-Oct-02,1.431,1.457,1.457,1.404,1.503,1.404,1.464,1.475
28-Oct-02,1.428,1.466,1.457,1.395,1.466,1.4,1.465,1.47
4-Nov-02,1.426,1.467,1.462,1.387,1.469,1.389,1.462,1.499
11-Nov-02,1.429,1.489,1.477,1.374,1.432,1.377,1.455,1.521
18-Nov-02,1.412,1.491,1.46,1.352,1.367,1.353,1.443,1.518
25-Nov-02,1.398,1.482,1.455,1.329,1.31,1.333,1.423,1.503
2-Dec-02,1.389,1.483,1.452,1.314,1.278,1.323,1.41,1.496
9-Dec-02,1.379,1.477,1.449,1.297,1.292,1.313,1.391,1.479
16-Dec-02,1.375,1.472,1.443,1.295,1.322,1.305,1.373,1.464
23-Dec-02,1.409,1.474,1.47,1.344,1.392,1.34,1.382,1.459
30-Dec-02,1.448,1.501,1.499,1.394,1.45,1.389,1.389,1.47
6-Jan-03,1.46,1.512,1.512,1.406,1.419,1.401,1.411,1.5
13-Jan-03,1.46,1.516,1.511,1.406,1.442,1.399,1.413,1.518
20-Jan-03,1.462,1.516,1.51,1.409,1.438,1.407,1.414,1.548
27-Jan-03,1.466,1.517,1.516,1.413,1.459,1.414,1.438,1.569
3-Feb-03,1.516,1.553,1.555,1.476,1.524,1.472,1.483,1.609
10-Feb-03,1.597,1.634,1.627,1.563,1.606,1.556,1.559,1.679
17-Feb-03,1.63,1.679,1.656,1.595,1.665,1.581,1.618,1.786
24-Feb-03,1.627,1.676,1.661,1.587,1.624,1.582,1.626,1.847
3-Mar-03,1.628,1.675,1.665,1.587,1.664,1.579,1.646,1.932
10-Mar-03,1.642,1.68,1.676,1.606,1.69,1.592,1.667,1.993
17-Mar-03,1.66,1.699,1.69,1.627,1.683,1.612,1.68,2.041
24-Mar-03,1.639,1.682,1.679,1.595,1.598,1.589,1.671,2.037
31-Mar-03,1.61,1.661,1.659,1.557,1.524,1.559,1.647,2.021
7-Apr-03,1.587,1.647,1.64,1.529,1.513,1.528,1.627,2.004
14-Apr-03,1.561,1.628,1.62,1.497,1.472,1.488,1.595,1.967
21-Apr-03,1.535,1.605,1.601,1.465,1.48,1.46,1.57,1.912
28-Apr-03,1.518,1.59,1.584,1.447,1.473,1.437,1.553,1.881
5-May-03,1.49,1.569,1.562,1.413,1.406,1.403,1.531,1.837
12-May-03,1.46,1.538,1.532,1.382,1.413,1.373,1.511,1.784
19-May-03,1.45,1.524,1.517,1.377,1.475,1.369,1.507,1.735
26-May-03,1.442,1.509,1.507,1.373,1.471,1.369,1.495,1.699
2-Jun-03,1.437,1.504,1.494,1.374,1.449,1.364,1.483,1.677
9-Jun-03,1.442,1.5,1.489,1.389,1.506,1.378,1.478,1.657
16-Jun-03,1.463,1.511,1.493,1.427,1.518,1.403,1.513,1.739
23-Jun-03,1.454,1.507,1.483,1.417,1.451,1.396,1.52,1.752
30-Jun-03,1.444,1.501,1.474,1.405,1.443,1.383,1.517,1.745
7-Jul-03,1.446,1.503,1.473,1.41,1.45,1.388,1.519,1.737
14-Jul-03,1.491,1.522,1.505,1.471,1.495,1.434,1.521,1.714
21-Jul-03,1.501,1.536,1.522,1.475,1.497,1.447,1.541,1.688
28-Jul-03,1.498,1.535,1.519,1.472,1.483,1.441,1.571,1.671
4-Aug-03,1.501,1.545,1.519,1.475,1.54,1.447,1.582,1.672
11-Aug-03,1.537,1.572,1.547,1.52,1.567,1.486,1.621,1.714
18-Aug-03,1.575,1.602,1.586,1.559,1.596,1.519,1.649,1.887
25-Aug-03,1.689,1.759,1.727,1.639,1.722,1.6,1.71,2.051
1-Sep-03,1.71,1.808,1.776,1.631,1.699,1.592,1.749,2.046
8-Sep-03,1.69,1.792,1.767,1.602,1.649,1.569,1.74,2.027
15-Sep-03,1.666,1.777,1.743,1.576,1.656,1.537,1.72,1.979
22-Sep-03,1.636,1.75,1.715,1.543,1.569,1.499,1.678,1.918
29-Sep-03,1.608,1.727,1.694,1.507,1.489,1.455,1.633,1.861
6-Oct-03,1.586,1.703,1.68,1.482,1.502,1.426,1.6,1.808
13-Oct-03,1.572,1.687,1.661,1.471,1.527,1.43,1.573,1.764
20-Oct-03,1.565,1.673,1.651,1.468,1.561,1.43,1.57,1.73
27-Oct-03,1.545,1.645,1.629,1.452,1.512,1.414,1.587,1.702
3-Nov-03,1.531,1.617,1.613,1.443,1.52,1.406,1.574,1.682
10-Nov-03,1.511,1.589,1.591,1.427,1.464,1.39,1.555,1.662
17-Nov-03,1.501,1.564,1.576,1.426,1.451,1.391,1.542,1.661
24-Nov-03,1.506,1.564,1.568,1.442,1.486,1.404,1.533,1.668
1-Dec-03,1.498,1.557,1.561,1.432,1.435,1.398,1.514,1.656
8-Dec-03,1.484,1.541,1.551,1.417,1.425,1.387,1.496,1.63
15-Dec-03,1.479,1.535,1.542,1.416,1.414,1.382,1.481,1.604
22-Dec-03,1.491,1.543,1.541,1.437,1.457,1.405,1.506,1.593
29-Dec-03,1.492,1.541,1.54,1.442,1.44,1.408,1.498,1.579
5-Jan-04,1.511,1.551,1.549,1.471,1.499,1.436,1.493,1.599
12-Jan-04,1.571,1.597,1.586,1.551,1.543,1.488,1.522,1.645
19-Jan-04,1.605,1.629,1.629,1.58,1.58,1.53,1.54,1.672
26-Jan-04,1.629,1.663,1.655,1.599,1.617,1.543,1.569,1.703
2-Feb-04,1.633,1.668,1.666,1.598,1.579,1.547,1.566,1.725
9-Feb-04,1.634,1.666,1.666,1.601,1.619,1.55,1.572,1.776
16-Feb-04,1.639,1.668,1.668,1.607,1.623,1.553,1.589,1.813
23-Feb-04,1.656,1.689,1.689,1.622,1.65,1.57,1.603,1.947
1-Mar-04,1.676,1.707,1.713,1.638,1.672,1.582,1.639,2.021
8-Mar-04,1.705,1.729,1.739,1.673,1.683,1.613,1.707,2.026
15-Mar-04,1.703,1.729,1.736,1.671,1.647,1.61,1.725,2.015
22-Mar-04,1.72,1.739,1.751,1.692,1.683,1.629,1.744,2.004
29-Mar-04,1.729,1.745,1.758,1.703,1.714,1.641,1.775,2.002
5-Apr-04,1.743,1.745,1.763,1.727,1.73,1.671,1.788,2.049
12-Apr-04,1.74,1.736,1.76,1.727,1.737,1.663,1.804,2.079
19-Apr-04,1.757,1.757,1.773,1.745,1.778,1.7,1.858,2.088
26-Apr-04,1.764,1.769,1.785,1.746,1.773,1.695,1.872,2.078
3-May-04,1.797,1.802,1.823,1.775,1.82,1.728,1.891,2.083
10-May-04,1.893,1.923,1.931,1.856,1.911,1.818,1.968,2.2
17-May-04,1.981,2.028,2.02,1.938,2.003,1.885,1.987,2.243
24-May-04,2.033,2.081,2.084,1.981,2.048,1.932,2.017,2.289
31-May-04,2.04,2.107,2.099,1.976,2,1.925,2.015,2.291
7-Jun-04,2.026,2.109,2.082,1.959,1.975,1.91,2.006,2.276
14-Jun-04,1.999,2.088,2.06,1.928,1.882,1.882,1.982,2.243
21-Jun-04,1.963,2.051,2.028,1.888,1.814,1.838,1.947,2.2
28-Jun-04,1.939,2.013,2,1.871,1.817,1.809,1.925,2.175
5-Jul-04,1.907,1.98,1.972,1.837,1.804,1.784,1.903,2.136
12-Jul-04,1.911,1.961,1.963,1.857,1.867,1.805,1.907,2.124
19-Jul-04,1.921,1.955,1.97,1.873,1.892,1.818,1.926,2.113
26-Jul-04,1.909,1.94,1.956,1.865,1.846,1.806,1.92,2.091
2-Aug-04,1.884,1.933,1.943,1.825,1.844,1.79,1.908,2.062
9-Aug-04,1.869,1.922,1.927,1.811,1.846,1.781,1.9,2.035
16-Aug-04,1.864,1.92,1.918,1.806,1.861,1.783,1.889,2.009
23-Aug-04,1.871,1.931,1.926,1.812,1.863,1.802,1.901,2.02
30-Aug-04,1.858,1.917,1.91,1.802,1.81,1.78,1.896,2.06
6-Sep-04,1.849,1.897,1.89,1.804,1.793,1.754,1.886,2.041
13-Sep-04,1.839,1.882,1.879,1.796,1.803,1.744,1.877,2.025
20-Sep-04,1.849,1.876,1.887,1.812,1.848,1.757,1.877,2.034
27-Sep-04,1.898,1.921,1.923,1.872,1.906,1.824,1.895,2.066
4-Oct-04,1.921,1.951,1.951,1.89,1.894,1.838,1.921,2.146
11-Oct-04,1.965,1.988,1.998,1.934,1.948,1.885,1.95,2.241
18-Oct-04,2.008,2.041,2.045,1.971,1.99,1.913,1.992,2.295
25-Oct-04,2.016,2.049,2.051,1.98,1.968,1.916,2.007,2.291
1-Nov-04,2.016,2.048,2.051,1.98,1.984,1.918,2.002,2.273
8-Nov-04,1.997,2.031,2.028,1.963,1.924,1.899,1.991,2.249
15-Nov-04,1.973,2.015,2.011,1.933,1.876,1.87,1.968,2.222
22-Nov-04,1.949,1.987,1.987,1.909,1.871,1.844,1.947,2.183
29-Nov-04,1.942,1.976,1.979,1.904,1.884,1.841,1.937,2.157
6-Dec-04,1.924,1.953,1.962,1.888,1.832,1.812,1.919,2.12
13-Dec-04,1.881,1.909,1.923,1.842,1.729,1.761,1.877,2.066
20-Dec-04,1.846,1.879,1.892,1.802,1.728,1.718,1.854,1.993
27-Dec-04,1.827,1.856,1.878,1.78,1.704,1.701,1.82,1.956
3-Jan-05,1.804,1.828,1.859,1.756,1.718,1.671,1.8,1.93
10-Jan-05,1.807,1.814,1.847,1.775,1.772,1.699,1.776,1.889
17-Jan-05,1.833,1.828,1.862,1.813,1.804,1.746,1.777,1.891
24-Jan-05,1.86,1.86,1.881,1.843,1.847,1.789,1.792,1.918
31-Jan-05,1.911,1.93,1.931,1.89,1.913,1.842,1.827,1.985
7-Feb-05,1.912,1.938,1.935,1.888,1.897,1.833,1.847,2.005
14-Feb-05,1.898,1.928,1.925,1.869,1.867,1.813,1.851,2.04
21-Feb-05,1.887,1.914,1.911,1.861,1.872,1.807,1.883,2.096
28-Feb-05,1.889,1.908,1.905,1.871,1.918,1.824,1.908,2.123
7-Mar-05,1.952,1.973,1.958,1.941,2.009,1.9,1.983,2.174
14-Mar-05,2.016,2.008,2.015,2.019,2.054,1.968,2.042,2.228
21-Mar-05,2.07,2.05,2.065,2.08,2.117,2.022,2.073,2.258
28-Mar-05,2.12,2.097,2.108,2.137,2.138,2.079,2.133,2.318
4-Apr-05,2.185,2.158,2.17,2.205,2.197,2.141,2.162,2.398
11-Apr-05,2.233,2.212,2.222,2.248,2.246,2.184,2.258,2.528
18-Apr-05,2.206,2.192,2.197,2.216,2.15,2.159,2.258,2.53
25-Apr-05,2.203,2.212,2.209,2.197,2.165,2.141,2.252,2.518
2-May-05,2.211,2.226,2.223,2.198,2.156,2.133,2.265,2.513
9-May-05,2.18,2.203,2.196,2.161,2.075,2.095,2.247,2.477
16-May-05,2.15,2.181,2.168,2.127,2.072,2.063,2.225,2.437
23-May-05,2.118,2.154,2.147,2.085,2.028,2.022,2.199,2.399
30-May-05,2.094,2.121,2.125,2.062,2.001,1.996,2.165,2.357
6-Jun-05,2.107,2.131,2.139,2.076,2.05,2.028,2.154,2.327
13-Jun-05,2.125,2.153,2.15,2.097,2.082,2.044,2.158,2.306
20-Jun-05,2.155,2.199,2.186,2.118,2.125,2.078,2.158,2.32
27-Jun-05,2.199,2.236,2.228,2.166,2.201,2.115,2.184,2.373
4-Jul-05,2.214,2.273,2.243,2.174,2.194,2.117,2.215,2.411
11-Jul-05,2.311,2.384,2.343,2.265,2.316,2.235,2.277,2.479
18-Jul-05,2.316,2.389,2.36,2.261,2.268,2.225,2.296,2.496
25-Jul-05,2.306,2.375,2.361,2.244,2.198,2.207,2.287,2.497
1-Aug-05,2.299,2.37,2.35,2.24,2.219,2.182,2.279,2.511
8-Aug-05,2.349,2.396,2.392,2.303,2.329,2.282,2.318,2.567
15-Aug-05,2.546,2.554,2.556,2.536,2.531,2.488,2.44,2.669
22-Aug-05,2.601,2.602,2.618,2.588,2.607,2.554,2.546,2.711
29-Aug-05,2.591,2.601,2.611,2.574,2.604,2.529,2.583,2.741
5-Sep-05,3.197,3.226,3.292,3.118,3.038,2.914,2.978,3.025
12-Sep-05,3.057,3.114,3.174,2.951,2.892,2.81,2.947,2.997
19-Sep-05,2.857,2.912,2.944,2.776,2.676,2.656,2.873,2.946
26-Sep-05,2.849,2.858,2.884,2.819,2.718,2.724,2.856,2.927
3-Oct-05,2.958,2.877,2.903,3.024,2.9,2.91,2.89,2.945
10-Oct-05,2.883,2.795,2.841,2.941,2.76,2.852,2.845,2.932
17-Oct-05,2.766,2.689,2.745,2.804,2.594,2.726,2.785,2.872
24-Oct-05,2.635,2.574,2.619,2.666,2.451,2.599,2.705,2.797
31-Oct-05,2.505,2.449,2.497,2.528,2.326,2.455,2.586,2.712
7-Nov-05,2.396,2.345,2.396,2.412,2.231,2.334,2.464,2.623
14-Nov-05,2.295,2.242,2.316,2.294,2.178,2.247,2.347,2.547
21-Nov-05,2.206,2.153,2.246,2.191,2.087,2.154,2.252,2.433
28-Nov-05,2.152,2.107,2.197,2.131,2.054,2.098,2.182,2.389
5-Dec-05,2.125,2.111,2.171,2.094,2.118,2.077,2.115,2.318
12-Dec-05,2.181,2.171,2.217,2.157,2.178,2.144,2.105,2.256
19-Dec-05,2.225,2.229,2.258,2.198,2.218,2.166,2.12,2.232
26-Dec-05,2.221,2.224,2.269,2.185,2.194,2.146,2.113,2.216
2-Jan-06,2.264,2.272,2.313,2.225,2.263,2.187,2.123,2.205
9-Jan-06,2.37,2.377,2.407,2.341,2.332,2.272,2.2,2.304
16-Jan-06,2.381,2.397,2.422,2.345,2.263,2.267,2.201,2.372
23-Jan-06,2.395,2.414,2.452,2.347,2.282,2.281,2.22,2.386
30-Jan-06,2.394,2.406,2.444,2.353,2.314,2.276,2.238,2.456
6-Feb-06,2.376,2.38,2.42,2.341,2.28,2.264,2.243,2.478
13-Feb-06,2.322,2.323,2.373,2.284,2.189,2.211,2.234,2.456
20-Feb-06,2.256,2.253,2.304,2.221,2.167,2.167,2.216,2.41
27-Feb-06,2.235,2.218,2.288,2.201,2.259,2.152,2.235,2.383
6-Mar-06,2.287,2.267,2.309,2.278,2.379,2.245,2.275,2.422
13-Mar-06,2.333,2.298,2.337,2.341,2.385,2.292,2.301,2.477
20-Mar-06,2.497,2.452,2.484,2.521,2.501,2.476,2.395,2.571
27-Mar-06,2.496,2.464,2.497,2.504,2.471,2.457,2.395,2.609
3-Apr-06,2.581,2.569,2.589,2.579,2.576,2.571,2.421,2.672
10-Apr-06,2.689,2.657,2.671,2.713,2.654,2.694,2.484,2.751
17-Apr-06,2.801,2.756,2.804,2.813,2.755,2.783,2.565,2.843
24-Apr-06,2.942,2.923,2.971,2.926,2.87,2.881,2.71,3.009
1-May-06,2.94,2.93,2.985,2.91,2.826,2.856,2.788,3.131
8-May-06,2.91,2.923,2.971,2.861,2.783,2.814,2.821,3.24
15-May-06,2.934,3.005,3.001,2.862,2.866,2.832,2.838,3.25
22-May-06,2.893,2.968,2.979,2.805,2.757,2.783,2.832,3.249
29-May-06,2.859,2.937,2.95,2.769,2.76,2.737,2.83,3.205
5-Jun-06,2.874,2.969,2.945,2.793,2.815,2.764,2.825,3.201
12-Jun-06,2.901,2.987,2.957,2.833,2.83,2.805,2.85,3.162
19-Jun-06,2.873,2.97,2.93,2.801,2.776,2.775,2.843,3.131
26-Jun-06,2.854,2.947,2.913,2.782,2.821,2.758,2.831,3.095
3-Jul-06,2.924,2.975,2.984,2.863,2.913,2.825,2.877,3.108
10-Jul-06,2.962,3.026,3.02,2.9,2.969,2.85,2.887,3.135
17-Jul-06,2.98,3.038,3.032,2.923,2.985,2.863,2.89,3.149
24-Jul-06,3.004,3.054,3.047,2.957,2.992,2.894,2.907,3.137
31-Jul-06,3.013,3.072,3.053,2.966,2.986,2.906,2.939,3.121
7-Aug-06,3.033,3.084,3.068,2.991,3.054,2.938,2.996,3.118
14-Aug-06,3.008,3.063,3.052,2.958,2.972,2.885,3.022,3.137
21-Aug-06,2.933,3.002,2.984,2.874,2.861,2.819,3.01,3.098
28-Aug-06,2.857,2.923,2.902,2.804,2.763,2.736,2.989,3.041
4-Sep-06,2.753,2.807,2.805,2.698,2.598,2.623,2.944,2.966
11-Sep-06,2.654,2.717,2.708,2.596,2.448,2.508,2.884,2.906
18-Sep-06,2.528,2.59,2.599,2.457,2.319,2.386,2.792,2.806
25-Sep-06,2.384,2.466,2.456,2.305,2.207,2.269,2.691,2.718
2-Oct-06,2.304,2.367,2.368,2.237,2.169,2.186,2.586,2.644
9-Oct-06,2.241,2.288,2.303,2.181,2.153,2.143,2.491,2.567
16-Oct-06,2.207,2.242,2.258,2.159,2.129,2.113,2.414,2.509
23-Oct-06,2.179,2.211,2.223,2.136,2.147,2.091,2.352,2.459
30-Oct-06,2.185,2.207,2.222,2.152,2.196,2.102,2.31,2.414
6-Nov-06,2.17,2.188,2.201,2.141,2.187,2.08,2.274,2.381
13-Nov-06,2.198,2.207,2.22,2.178,2.218,2.109,2.254,2.438
20-Nov-06,2.208,2.221,2.236,2.183,2.209,2.114,2.241,2.473
27-Nov-06,2.227,2.249,2.263,2.194,2.206,2.121,2.235,2.475
4-Dec-06,2.293,2.314,2.324,2.264,2.261,2.182,2.248,2.485
11-Dec-06,2.303,2.318,2.343,2.268,2.224,2.198,2.248,2.496
18-Dec-06,2.318,2.356,2.368,2.269,2.271,2.197,2.242,2.541
25-Dec-06,2.352,2.4,2.406,2.297,2.273,2.213,2.249,2.579
1-Jan-07,2.345,2.392,2.403,2.288,2.263,2.2,2.246,2.581
8-Jan-07,2.319,2.367,2.379,2.259,2.21,2.171,2.234,2.594
15-Jan-07,2.262,2.314,2.328,2.197,2.077,2.111,2.199,2.554
22-Jan-07,2.203,2.246,2.274,2.137,1.992,2.054,2.158,2.509
29-Jan-07,2.165,2.214,2.231,2.101,2.081,2.017,2.12,2.461
5-Feb-07,2.166,2.195,2.21,2.125,2.143,2.045,2.123,2.478
12-Feb-07,2.189,2.213,2.229,2.151,2.224,2.091,2.141,2.536
19-Feb-07,2.244,2.258,2.278,2.214,2.285,2.131,2.186,2.596
26-Feb-07,2.337,2.358,2.363,2.311,2.37,2.234,2.249,2.664
5-Mar-07,2.491,2.515,2.526,2.458,2.465,2.367,2.353,2.765
12-Mar-07,2.533,2.567,2.578,2.489,2.487,2.402,2.412,2.92
19-Mar-07,2.548,2.584,2.602,2.498,2.485,2.408,2.488,2.977
26-Mar-07,2.575,2.612,2.635,2.518,2.518,2.442,2.538,3.016
2-Apr-07,2.671,2.707,2.731,2.616,2.614,2.565,2.619,3.096
9-Apr-07,2.755,2.751,2.78,2.738,2.744,2.675,2.719,3.138
16-Apr-07,2.839,2.818,2.844,2.841,2.807,2.763,2.801,3.195
23-Apr-07,2.835,2.825,2.849,2.827,2.775,2.755,2.844,3.218
30-Apr-07,2.917,2.931,2.92,2.91,2.925,2.853,2.957,3.277
7-May-07,2.958,2.997,2.976,2.932,3.074,2.87,3.09,3.373
14-May-07,2.981,3.029,3.011,2.945,3.172,2.915,3.193,3.378
21-May-07,3.097,3.092,3.082,3.109,3.326,3.092,3.265,3.372
28-May-07,3.098,3.113,3.109,3.086,3.32,3.067,3.276,3.349
4-Jun-07,3.068,3.099,3.096,3.038,3.225,3.02,3.26,3.318
11-Jun-07,3.022,3.071,3.053,2.985,3.073,2.962,3.225,3.265
18-Jun-07,2.976,3.02,3.014,2.934,2.984,2.903,3.181,3.188
25-Jun-07,2.946,2.999,2.986,2.899,2.967,2.88,3.138,3.145
2-Jul-07,2.925,2.988,2.966,2.876,2.954,2.851,3.097,3.106
9-Jul-07,2.924,2.986,2.957,2.881,3.045,2.858,3.066,3.08
16-Jul-07,2.972,3.003,2.98,2.958,3.172,2.921,3.093,3.089
23-Jul-07,2.924,2.968,2.942,2.897,2.984,2.867,3.038,3.051
30-Jul-07,2.87,2.932,2.895,2.832,2.848,2.792,2.984,2.997
6-Aug-07,2.821,2.888,2.848,2.78,2.828,2.748,2.945,2.955
13-Aug-07,2.751,2.826,2.793,2.698,2.769,2.681,2.88,2.879
20-Aug-07,2.732,2.785,2.764,2.691,2.871,2.681,2.841,2.823
27-Aug-07,2.696,2.73,2.722,2.667,2.84,2.652,2.806,2.768
3-Sep-07,2.709,2.727,2.72,2.694,2.973,2.657,2.821,2.772
10-Sep-07,2.73,2.722,2.724,2.737,2.979,2.693,2.836,2.816
17-Sep-07,2.732,2.721,2.727,2.739,2.859,2.679,2.824,2.86
24-Sep-07,2.769,2.739,2.756,2.787,2.861,2.705,2.817,2.909
1-Oct-07,2.766,2.741,2.758,2.78,2.782,2.7,2.81,2.922
8-Oct-07,2.746,2.731,2.743,2.753,2.755,2.667,2.802,2.934
15-Oct-07,2.731,2.724,2.739,2.726,2.735,2.642,2.795,2.979
22-Oct-07,2.788,2.774,2.796,2.786,2.788,2.703,2.845,3.065
29-Oct-07,2.833,2.832,2.841,2.827,2.864,2.735,2.873,3.091
5-Nov-07,2.974,2.969,2.972,2.977,3.037,2.893,2.972,3.165
12-Nov-07,3.077,3.065,3.08,3.079,3.127,2.981,3.064,3.279
19-Nov-07,3.085,3.076,3.104,3.073,3.07,2.969,3.068,3.303
26-Nov-07,3.092,3.102,3.119,3.068,3.059,2.966,3.063,3.305
3-Dec-07,3.073,3.099,3.11,3.037,2.995,2.935,3.054,3.276
10-Dec-07,3.031,3.087,3.082,2.976,2.895,2.876,3.008,3.244
17-Dec-07,3.017,3.076,3.062,2.965,2.943,2.85,2.966,3.205
24-Dec-07,3.007,3.073,3.06,2.947,2.918,2.836,2.928,3.182
31-Dec-07,3.065,3.093,3.098,3.031,3.032,2.92,2.921,3.218
7-Jan-08,3.124,3.133,3.151,3.101,3.101,2.977,2.95,3.247
14-Jan-08,3.108,3.121,3.143,3.078,3.01,2.957,2.949,3.214
21-Jan-08,3.062,3.087,3.106,3.023,2.958,2.904,2.928,3.155
28-Jan-08,3.025,3.061,3.069,2.981,2.922,2.875,2.914,3.086
4-Feb-08,3.005,3.035,3.043,2.967,2.962,2.872,2.941,3.055
11-Feb-08,2.977,3.008,3.015,2.94,2.942,2.851,2.935,3.06
18-Feb-08,3.046,3.041,3.059,3.038,3.046,2.941,2.959,3.137
25-Feb-08,3.148,3.134,3.148,3.153,3.08,3.056,3.051,3.265
3-Mar-08,3.168,3.146,3.164,3.177,3.08,3.088,3.088,3.386
10-Mar-08,3.194,3.17,3.185,3.208,3.191,3.131,3.109,3.457
17-Mar-08,3.253,3.208,3.247,3.271,3.252,3.177,3.178,3.523
24-Mar-08,3.241,3.198,3.243,3.252,3.192,3.166,3.198,3.517
31-Mar-08,3.256,3.209,3.258,3.268,3.249,3.206,3.232,3.523
7-Apr-08,3.284,3.229,3.273,3.309,3.299,3.253,3.267,3.578
14-Apr-08,3.335,3.289,3.327,3.354,3.358,3.285,3.324,3.662
21-Apr-08,3.484,3.489,3.482,3.483,3.47,3.411,3.416,3.734
28-Apr-08,3.601,3.601,3.615,3.59,3.568,3.505,3.478,3.786
5-May-08,3.61,3.626,3.638,3.584,3.579,3.507,3.494,3.8
12-May-08,3.713,3.75,3.729,3.69,3.736,3.616,3.609,3.833
19-May-08,3.795,3.838,3.824,3.759,3.799,3.689,3.686,3.883
26-May-08,3.937,3.974,3.948,3.918,3.951,3.829,3.851,4.029
2-Jun-08,3.97,4.028,4.001,3.929,3.952,3.846,3.89,4.166
9-Jun-08,4.019,4.089,4.058,3.969,3.982,3.909,3.941,4.325
16-Jun-08,4.052,4.131,4.103,3.99,3.997,3.937,3.994,4.452
23-Jun-08,4.047,4.12,4.102,3.984,3.996,3.919,4.002,4.46
30-Jun-08,4.057,4.12,4.104,4.003,4.031,3.928,4.034,4.456
7-Jul-08,4.079,4.143,4.115,4.033,4.059,3.958,4.065,4.44
14-Jul-08,4.071,4.136,4.109,4.024,4.066,3.971,4.097,4.415
21-Jul-08,4.044,4.111,4.077,3.999,3.981,3.942,4.105,4.363
28-Jul-08,3.96,4.002,4.003,3.916,3.827,3.857,4.06,4.245
4-Aug-08,3.888,3.931,3.931,3.842,3.772,3.766,4.006,4.14
11-Aug-08,3.799,3.84,3.844,3.753,3.731,3.685,3.953,4.057
18-Aug-08,3.701,3.731,3.73,3.671,3.708,3.599,3.888,3.98
25-Aug-08,3.634,3.661,3.665,3.602,3.687,3.519,3.834,3.906
1-Sep-08,3.631,3.642,3.634,3.626,3.673,3.578,3.813,3.859
8-Sep-08,3.609,3.61,3.597,3.617,3.636,3.551,3.767,3.813
15-Sep-08,3.809,3.655,3.672,3.957,3.946,3.757,3.754,3.77
22-Sep-08,3.721,3.601,3.634,3.821,3.754,3.678,3.651,3.693
29-Sep-08,3.664,3.53,3.56,3.781,3.609,3.6,3.6,3.642
6-Oct-08,3.544,3.386,3.436,3.672,3.393,3.436,3.496,3.568
13-Oct-08,3.223,3.097,3.186,3.288,2.992,2.99,3.268,3.421
20-Oct-08,2.938,2.864,2.968,2.937,2.769,2.734,3.04,3.275
27-Oct-08,2.684,2.64,2.766,2.637,2.497,2.46,2.762,3.05
3-Nov-08,2.449,2.448,2.561,2.365,2.237,2.228,2.482,2.74
10-Nov-08,2.272,2.29,2.388,2.18,2.06,2.096,2.257,2.534
17-Nov-08,2.114,2.121,2.205,2.044,1.933,1.956,2.033,2.357
24-Nov-08,1.953,1.951,2.05,1.88,1.75,1.805,1.847,2.117
1-Dec-08,1.86,1.872,1.948,1.79,1.717,1.732,1.738,1.972
8-Dec-08,1.757,1.765,1.846,1.688,1.602,1.639,1.623,1.829
15-Dec-08,1.682,1.705,1.754,1.622,1.644,1.556,1.559,1.751
22-Dec-08,1.671,1.69,1.718,1.63,1.623,1.55,1.525,1.791
29-Dec-08,1.63,1.65,1.674,1.591,1.567,1.498,1.506,1.79
5-Jan-09,1.642,1.669,1.667,1.616,1.733,1.547,1.495,1.846
12-Jan-09,1.75,1.748,1.757,1.745,1.823,1.645,1.563,1.954
19-Jan-09,1.81,1.801,1.814,1.81,1.874,1.729,1.607,2.029
26-Jan-09,1.816,1.818,1.83,1.805,1.82,1.729,1.644,2.057
2-Feb-09,1.876,1.875,1.892,1.865,1.87,1.802,1.712,2.082
9-Feb-09,1.912,1.911,1.937,1.894,1.864,1.837,1.78,2.175
16-Feb-09,1.95,1.938,1.974,1.937,1.906,1.838,1.819,2.244
23-Feb-09,1.912,1.91,1.953,1.882,1.808,1.785,1.801,2.221
2-Mar-09,1.922,1.922,1.941,1.907,1.887,1.829,1.79,2.17
9-Mar-09,1.918,1.912,1.94,1.903,1.918,1.819,1.814,2.168
16-Mar-09,1.907,1.911,1.931,1.889,1.852,1.808,1.819,2.134
23-Mar-09,1.939,1.937,1.959,1.924,1.949,1.876,1.864,2.131
30-Mar-09,2.025,2.009,2.032,2.025,2.031,1.969,1.937,2.207
6-Apr-09,2.022,2.007,2.031,2.02,1.987,1.956,1.964,2.249
13-Apr-09,2.027,2.012,2.037,2.024,2.007,1.963,2.006,2.273
20-Apr-09,2.041,2.053,2.055,2.026,2.008,1.968,2.048,2.277
27-Apr-09,2.035,2.054,2.057,2.013,1.99,1.947,2.071,2.276
4-May-09,2.049,2.085,2.082,2.013,2.051,1.957,2.094,2.293
11-May-09,2.214,2.249,2.238,2.187,2.257,2.134,2.181,2.368
18-May-09,2.295,2.307,2.319,2.274,2.299,2.214,2.24,2.457
25-May-09,2.394,2.413,2.423,2.367,2.468,2.32,2.364,2.575
1-Jun-09,2.463,2.503,2.489,2.43,2.585,2.387,2.423,2.682
8-Jun-09,2.544,2.569,2.568,2.518,2.703,2.474,2.517,2.804
15-Jun-09,2.621,2.647,2.648,2.594,2.687,2.532,2.573,2.898
22-Jun-09,2.663,2.686,2.69,2.636,2.664,2.561,2.604,2.934
29-Jun-09,2.633,2.665,2.668,2.598,2.572,2.516,2.602,2.909
6-Jul-09,2.605,2.651,2.647,2.56,2.547,2.46,2.591,2.886
13-Jul-09,2.533,2.572,2.579,2.486,2.432,2.385,2.564,2.819
20-Jul-09,2.466,2.516,2.522,2.409,2.357,2.321,2.524,2.77
27-Jul-09,2.475,2.528,2.524,2.423,2.458,2.367,2.501,2.77
3-Aug-09,2.525,2.578,2.578,2.469,2.512,2.433,2.507,2.829
10-Aug-09,2.608,2.657,2.651,2.56,2.593,2.524,2.574,2.954
17-Aug-09,2.618,2.67,2.671,2.562,2.547,2.514,2.611,2.962
24-Aug-09,2.609,2.663,2.666,2.55,2.545,2.488,2.616,2.95
31-Aug-09,2.596,2.676,2.657,2.528,2.519,2.459,2.614,2.958
7-Sep-09,2.579,2.666,2.641,2.506,2.462,2.405,2.595,3.003
14-Sep-09,2.54,2.648,2.618,2.45,2.463,2.38,2.586,3.043
21-Sep-09,2.502,2.607,2.579,2.413,2.445,2.357,2.57,3.03
28-Sep-09,2.453,2.551,2.52,2.374,2.375,2.309,2.548,2.984
5-Oct-09,2.413,2.515,2.471,2.339,2.358,2.287,2.502,2.945
12-Oct-09,2.414,2.479,2.457,2.363,2.44,2.316,2.481,2.895
19-Oct-09,2.525,2.542,2.559,2.494,2.54,2.439,2.516,2.871
26-Oct-09,2.652,2.664,2.67,2.635,2.657,2.548,2.578,2.887
2-Nov-09,2.676,2.699,2.708,2.647,2.672,2.563,2.605,2.909
9-Nov-09,2.664,2.69,2.703,2.626,2.614,2.528,2.604,2.906
16-Nov-09,2.637,2.677,2.684,2.59,2.544,2.498,2.601,2.893
23-Nov-09,2.636,2.672,2.677,2.596,2.582,2.507,2.584,2.881
30-Nov-09,2.633,2.667,2.672,2.593,2.569,2.497,2.571,2.866
7-Dec-09,2.644,2.674,2.681,2.607,2.565,2.518,2.557,2.861
14-Dec-09,2.615,2.648,2.654,2.575,2.516,2.474,2.538,2.848
21-Dec-09,2.594,2.626,2.634,2.556,2.524,2.444,2.504,2.847
28-Dec-09,2.601,2.637,2.639,2.561,2.557,2.466,2.498,2.86
4-Jan-10,2.653,2.685,2.686,2.618,2.637,2.525,2.509,2.9
11-Jan-10,2.745,2.769,2.775,2.716,2.726,2.616,2.578,2.966
18-Jan-10,2.751,2.775,2.774,2.726,2.681,2.617,2.617,2.953
25-Jan-10,2.723,2.752,2.749,2.696,2.624,2.587,2.622,2.94
1-Feb-10,2.685,2.735,2.715,2.649,2.563,2.541,2.615,2.911
8-Feb-10,2.666,2.717,2.704,2.624,2.574,2.515,2.619,2.895
15-Feb-10,2.634,2.692,2.674,2.587,2.503,2.482,2.602,2.864
22-Feb-10,2.655,2.699,2.684,2.62,2.605,2.533,2.617,2.866
1-Mar-10,2.697,2.714,2.71,2.683,2.64,2.596,2.631,2.937
8-Mar-10,2.74,2.753,2.754,2.727,2.695,2.647,2.685,2.984
15-Mar-10,2.777,2.783,2.78,2.773,2.739,2.686,2.731,3.005
22-Mar-10,2.787,2.78,2.79,2.787,2.805,2.694,2.768,3.033
29-Mar-10,2.773,2.773,2.786,2.764,2.754,2.682,2.791,3.037
5-Apr-10,2.79,2.799,2.804,2.776,2.804,2.715,2.827,3.04
12-Apr-10,2.826,2.835,2.835,2.816,2.834,2.754,2.864,3.06
19-Apr-10,2.824,2.844,2.837,2.807,2.846,2.748,2.884,3.058
26-Apr-10,2.834,2.885,2.857,2.803,2.809,2.729,2.887,3.056
3-May-10,2.878,2.933,2.903,2.843,2.883,2.779,2.895,3.079
10-May-10,2.895,2.931,2.918,2.866,2.872,2.788,2.909,3.096
17-May-10,2.86,2.909,2.89,2.823,2.804,2.762,2.896,3.071
24-May-10,2.792,2.85,2.828,2.748,2.694,2.698,2.854,3.009
31-May-10,2.724,2.801,2.771,2.666,2.629,2.644,2.819,2.976
7-Jun-10,2.687,2.773,2.733,2.627,2.664,2.611,2.79,3.007
14-Jun-10,2.659,2.747,2.704,2.598,2.644,2.577,2.768,2.992
21-Jun-10,2.688,2.754,2.735,2.633,2.714,2.597,2.771,3.034
28-Jun-10,2.7,2.76,2.745,2.649,2.73,2.613,2.766,3.055
5-Jul-10,2.674,2.75,2.722,2.616,2.676,2.58,2.756,3.05
12-Jul-10,2.658,2.738,2.711,2.594,2.68,2.564,2.743,3.044
19-Jul-10,2.648,2.725,2.697,2.589,2.701,2.555,2.749,3.062
26-Jul-10,2.668,2.734,2.709,2.617,2.74,2.592,2.75,3.074
2-Aug-10,2.673,2.735,2.712,2.626,2.695,2.583,2.754,3.073
9-Aug-10,2.711,2.755,2.735,2.681,2.756,2.641,2.79,3.11
16-Aug-10,2.681,2.74,2.707,2.644,2.681,2.613,2.802,3.102
23-Aug-10,2.644,2.712,2.681,2.595,2.627,2.563,2.806,3.079
30-Aug-10,2.607,2.676,2.639,2.563,2.636,2.527,2.82,3.038
6-Sep-10,2.598,2.659,2.622,2.561,2.674,2.516,2.822,2.995
13-Sep-10,2.617,2.658,2.628,2.596,2.778,2.536,2.828,2.979
20-Sep-10,2.64,2.661,2.635,2.637,2.745,2.584,2.825,2.963
27-Sep-10,2.631,2.659,2.63,2.623,2.678,2.56,2.805,2.951
4-Oct-10,2.673,2.724,2.69,2.644,2.736,2.588,2.794,2.963
11-Oct-10,2.772,2.826,2.801,2.734,2.831,2.674,2.798,3.03
18-Oct-10,2.811,2.866,2.852,2.764,2.807,2.679,2.801,3.081
25-Oct-10,2.805,2.883,2.855,2.745,2.766,2.661,2.794,3.079
1-Nov-10,2.792,2.88,2.849,2.723,2.759,2.641,2.784,3.078
8-Nov-10,2.824,2.906,2.863,2.771,2.892,2.683,2.786,3.079
15-Nov-10,2.881,2.979,2.935,2.811,2.879,2.723,2.797,3.111
22-Nov-10,2.898,3.017,2.974,2.806,2.825,2.694,2.784,3.112
29-Nov-10,2.893,3.009,2.98,2.794,2.787,2.668,2.766,3.094
6-Dec-10,2.981,3.079,3.045,2.904,2.924,2.802,2.771,3.153
13-Dec-10,3.009,3.087,3.076,2.935,2.932,2.826,2.797,3.187
20-Dec-10,3.01,3.096,3.076,2.935,2.936,2.829,2.801,3.186
27-Dec-10,3.066,3.125,3.114,3.012,3.048,2.898,2.824,3.219
3-Jan-11,3.082,3.141,3.129,3.029,3.064,2.923,2.848,3.236
10-Jan-11,3.099,3.163,3.141,3.05,3.084,2.935,2.861,3.261
17-Jan-11,3.114,3.179,3.164,3.056,3.089,2.959,2.894,3.286
24-Jan-11,3.124,3.19,3.172,3.068,3.087,2.964,2.918,3.293
31-Jan-11,3.108,3.188,3.165,3.041,3.086,2.937,2.931,3.299
7-Feb-11,3.126,3.203,3.175,3.067,3.124,2.974,2.986,3.332
14-Feb-11,3.14,3.21,3.181,3.089,3.09,3.001,3.014,3.381
21-Feb-11,3.174,3.228,3.209,3.132,3.14,3.03,3.07,3.481
28-Feb-11,3.358,3.386,3.37,3.341,3.367,3.248,3.181,3.623
7-Mar-11,3.502,3.547,3.519,3.475,3.487,3.402,3.297,3.767
14-Mar-11,3.549,3.581,3.567,3.526,3.525,3.437,3.358,3.841
21-Mar-11,3.539,3.568,3.562,3.512,3.517,3.421,3.386,3.857
28-Mar-11,3.556,3.584,3.576,3.533,3.55,3.462,3.44,3.916
4-Apr-11,3.635,3.665,3.657,3.609,3.681,3.547,3.501,3.951
11-Apr-11,3.737,3.767,3.757,3.713,3.805,3.667,3.57,4.035
18-Apr-11,3.801,3.863,3.828,3.763,3.847,3.723,3.609,4.081
25-Apr-11,3.845,3.936,3.898,3.779,3.901,3.725,3.636,4.098
2-May-11,3.928,4.026,3.981,3.858,4.01,3.809,3.697,4.14
9-May-11,3.95,4.04,4,3.886,3.982,3.814,3.724,4.149
16-May-11,3.952,4.045,3.993,3.893,3.974,3.823,3.757,4.117
23-May-11,3.859,3.977,3.912,3.784,3.817,3.71,3.733,4.036
30-May-11,3.781,3.914,3.847,3.692,3.801,3.623,3.708,3.98
6-Jun-11,3.736,3.865,3.805,3.645,3.859,3.579,3.688,3.931
13-Jun-11,3.693,3.811,3.766,3.603,3.725,3.558,3.66,3.886
20-Jun-11,3.655,3.79,3.727,3.561,3.616,3.51,3.624,3.849
27-Jun-11,3.598,3.753,3.672,3.496,3.494,3.444,3.569,3.793
4-Jul-11,3.567,3.721,3.634,3.471,3.595,3.409,3.519,3.745
11-Jul-11,3.647,3.767,3.687,3.581,3.67,3.502,3.509,3.73
18-Jul-11,3.706,3.826,3.738,3.647,3.693,3.568,3.521,3.746
25-Jul-11,3.735,3.841,3.759,3.687,3.694,3.6,3.532,3.756
1-Aug-11,3.748,3.845,3.772,3.702,3.717,3.602,3.552,3.754
8-Aug-11,3.71,3.822,3.738,3.655,3.666,3.558,3.56,3.745
15-Aug-11,3.638,3.76,3.67,3.577,3.583,3.489,3.532,3.694
22-Aug-11,3.597,3.734,3.625,3.535,3.57,3.462,3.524,3.691
29-Aug-11,3.605,3.721,3.626,3.554,3.673,3.473,3.535,3.749
5-Sep-11,3.639,3.75,3.666,3.586,3.711,3.494,3.575,3.864
12-Sep-11,3.632,3.751,3.667,3.57,3.683,3.472,3.597,3.868
19-Sep-11,3.586,3.698,3.634,3.517,3.575,3.412,3.601,3.856
26-Sep-11,3.507,3.62,3.567,3.429,3.432,3.309,3.576,3.827
3-Oct-11,3.44,3.564,3.504,3.356,3.323,3.238,3.546,3.777
10-Oct-11,3.403,3.517,3.462,3.325,3.336,3.221,3.52,3.754
17-Oct-11,3.452,3.552,3.498,3.387,3.414,3.301,3.533,3.791
24-Oct-11,3.459,3.54,3.494,3.408,3.361,3.3,3.521,3.792
31-Oct-11,3.438,3.521,3.476,3.384,3.384,3.26,3.494,3.776
7-Nov-11,3.414,3.504,3.454,3.358,3.339,3.224,3.469,3.772
14-Nov-11,3.424,3.504,3.454,3.377,3.376,3.231,3.445,3.759
21-Nov-11,3.378,3.467,3.416,3.323,3.271,3.163,3.402,3.708
28-Nov-11,3.328,3.43,3.373,3.264,3.189,3.112,3.346,3.648
5-Dec-11,3.301,3.401,3.338,3.244,3.213,3.09,3.297,3.591
12-Dec-11,3.303,3.376,3.334,3.259,3.227,3.087,3.238,3.548
19-Dec-11,3.268,3.344,3.309,3.214,3.147,3.041,3.142,3.49
26-Dec-11,3.269,3.335,3.313,3.218,3.231,3.056,3.075,3.503
2-Jan-12,3.32,3.376,3.346,3.284,3.268,3.097,3.036,3.546
9-Jan-12,3.414,3.463,3.44,3.38,3.356,3.2,3.012,3.605
16-Jan-12,3.431,3.482,3.46,3.394,3.362,3.21,3.003,3.607
23-Jan-12,3.456,3.507,3.494,3.412,3.307,3.228,3.012,3.623
30-Jan-12,3.522,3.575,3.548,3.486,3.349,3.291,3.029,3.65
6-Feb-12,3.553,3.595,3.571,3.528,3.411,3.349,3.068,3.669
13-Feb-12,3.612,3.644,3.627,3.591,3.407,3.431,3.071,3.727
20-Feb-12,3.654,3.692,3.67,3.63,3.464,3.479,3.097,3.896
27-Feb-12,3.735,3.769,3.748,3.715,3.623,3.558,3.195,4.124
5-Mar-12,3.768,3.819,3.78,3.744,3.745,3.606,3.33,4.196
12-Mar-12,3.772,3.809,3.793,3.746,3.809,3.647,3.479,4.218
19-Mar-12,3.811,3.829,3.828,3.792,3.84,3.698,3.623,4.234
26-Mar-12,3.87,3.861,3.882,3.864,3.899,3.758,3.687,4.242
2-Apr-12,3.911,3.897,3.924,3.904,3.905,3.802,3.748,4.231
9-Apr-12,3.949,3.968,3.974,3.925,3.86,3.818,3.788,4.203
16-Apr-12,3.928,3.99,3.955,3.889,3.854,3.802,3.801,4.171
23-Apr-12,3.885,3.964,3.93,3.827,3.774,3.747,3.799,4.143
30-Apr-12,3.829,3.928,3.874,3.765,3.749,3.685,3.787,4.121
7-May-12,3.762,3.88,3.809,3.692,3.721,3.622,3.764,4.135
14-May-12,3.698,3.828,3.764,3.61,3.641,3.558,3.762,4.255
21-May-12,3.634,3.781,3.715,3.53,3.626,3.489,3.754,4.242
28-May-12,3.572,3.729,3.657,3.462,3.591,3.422,3.74,4.227
4-Jun-12,3.515,3.676,3.603,3.4,3.519,3.371,3.728,4.185
11-Jun-12,3.45,3.611,3.534,3.34,3.539,3.311,3.708,4.093
18-Jun-12,3.402,3.558,3.477,3.301,3.561,3.267,3.69,3.964
25-Jun-12,3.344,3.505,3.417,3.242,3.431,3.195,3.634,3.823
2-Jul-12,3.293,3.463,3.384,3.173,3.323,3.125,3.583,3.715
9-Jul-12,3.354,3.487,3.434,3.254,3.442,3.16,3.549,3.672
16-Jul-12,3.407,3.54,3.482,3.312,3.42,3.201,3.507,3.674
23-Jul-12,3.488,3.633,3.564,3.387,3.482,3.294,3.491,3.715
30-Jul-12,3.497,3.63,3.569,3.403,3.515,3.31,3.466,3.708
6-Aug-12,3.597,3.708,3.637,3.534,3.772,3.412,3.463,3.758
13-Aug-12,3.677,3.773,3.725,3.612,3.788,3.488,3.5,3.948
20-Aug-12,3.711,3.808,3.75,3.652,3.761,3.546,3.535,4.002
27-Aug-12,3.75,3.818,3.781,3.707,3.778,3.582,3.575,4.04
3-Sep-12,3.811,3.855,3.823,3.789,3.875,3.645,3.64,4.073
10-Sep-12,3.827,3.922,3.86,3.775,3.86,3.641,3.698,4.083
17-Sep-12,3.879,3.989,3.953,3.792,3.893,3.655,3.772,4.074
24-Sep-12,3.828,3.945,3.907,3.734,3.813,3.6,3.774,4.065
1-Oct-12,3.801,3.955,3.893,3.687,3.784,3.555,3.765,4.081
8-Oct-12,3.798,3.955,3.911,3.667,3.772,3.537,3.748,4.409
15-Oct-12,3.792,3.923,3.877,3.691,3.685,3.544,3.734,4.391
22-Oct-12,3.7,3.843,3.787,3.591,3.487,3.449,3.705,4.245
29-Oct-12,3.589,3.74,3.692,3.467,3.391,3.337,3.65,4.045
5-Nov-12,3.533,3.714,3.677,3.373,3.323,3.271,3.611,3.899
12-Nov-12,3.491,3.674,3.66,3.31,3.331,3.205,3.559,3.783
19-Nov-12,3.479,3.647,3.657,3.295,3.344,3.166,3.509,3.707
26-Nov-12,3.485,3.634,3.637,3.326,3.387,3.173,3.473,3.668
3-Dec-12,3.457,3.598,3.594,3.311,3.32,3.158,3.405,3.615
10-Dec-12,3.417,3.561,3.545,3.278,3.284,3.122,3.328,3.544
17-Dec-12,3.35,3.493,3.486,3.207,3.144,3.045,3.211,3.457
24-Dec-12,3.355,3.476,3.471,3.232,3.173,3.054,3.096,3.427
31-Dec-12,3.403,3.496,3.5,3.302,3.221,3.107,3.016,3.457
7-Jan-13,3.44,3.516,3.519,3.358,3.143,3.167,2.935,3.488
14-Jan-13,3.447,3.515,3.513,3.378,3.156,3.165,2.867,3.491
21-Jan-13,3.42,3.499,3.489,3.344,3.224,3.152,2.88,3.503
28-Jan-13,3.448,3.53,3.525,3.367,3.289,3.164,2.981,3.545
4-Feb-13,3.591,3.682,3.665,3.508,3.513,3.332,3.144,3.738
11-Feb-13,3.648,3.736,3.73,3.56,3.582,3.383,3.274,3.867
18-Feb-13,3.75,3.798,3.776,3.716,3.763,3.533,3.409,3.973
25-Feb-13,3.799,3.817,3.806,3.788,3.735,3.624,3.471,4.053
4-Mar-13,3.762,3.798,3.774,3.743,3.709,3.576,3.476,4.069
11-Mar-13,3.726,3.772,3.746,3.696,3.618,3.542,3.469,4.049
18-Mar-13,3.69,3.744,3.711,3.658,3.645,3.522,3.469,4.007
25-Mar-13,3.66,3.72,3.694,3.618,3.657,3.505,3.469,3.962
1-Apr-13,3.63,3.696,3.67,3.58,3.597,3.48,3.497,3.945
8-Apr-13,3.586,3.644,3.629,3.537,3.553,3.434,3.523,3.928
15-Apr-13,3.533,3.597,3.58,3.478,3.456,3.363,3.507,3.888
22-Apr-13,3.48,3.544,3.52,3.431,3.546,3.324,3.488,3.836
29-Apr-13,3.458,3.519,3.498,3.41,3.554,3.295,3.484,3.8
6-May-13,3.452,3.521,3.49,3.403,3.608,3.299,3.491,3.811
13-May-13,3.484,3.551,3.522,3.435,3.678,3.364,3.56,3.938
20-May-13,3.489,3.576,3.538,3.427,3.866,3.392,3.672,3.952
27-May-13,3.501,3.591,3.557,3.431,3.779,3.366,3.725,3.933
3-Jun-13,3.484,3.582,3.543,3.411,3.838,3.34,3.729,3.889
10-Jun-13,3.491,3.589,3.538,3.427,3.868,3.339,3.72,3.878
17-Jun-13,3.504,3.597,3.533,3.454,3.738,3.378,3.688,3.888
24-Jun-13,3.503,3.596,3.547,3.442,3.546,3.377,3.67,3.948
1-Jul-13,3.463,3.566,3.519,3.39,3.394,3.312,3.64,3.892
8-Jul-13,3.456,3.568,3.52,3.374,3.409,3.295,3.61,3.875
15-Jul-13,3.59,3.735,3.652,3.501,3.639,3.443,3.611,3.925
22-Jul-13,3.655,3.811,3.716,3.562,3.66,3.507,3.616,3.954
29-Jul-13,3.648,3.805,3.738,3.533,3.575,3.478,3.64,3.929
5-Aug-13,3.628,3.789,3.708,3.52,3.589,3.446,3.638,3.887
12-Aug-13,3.569,3.757,3.648,3.454,3.478,3.388,3.644,3.84
19-Aug-13,3.554,3.738,3.626,3.446,3.501,3.373,3.639,3.778
26-Aug-13,3.553,3.729,3.618,3.452,3.524,3.382,3.622,3.745
2-Sep-13,3.606,3.756,3.667,3.516,3.633,3.406,3.626,3.75
9-Sep-13,3.587,3.751,3.66,3.483,3.574,3.377,3.631,3.797
16-Sep-13,3.531,3.717,3.623,3.408,3.489,3.301,3.612,3.9
23-Sep-13,3.457,3.67,3.545,3.327,3.456,3.231,3.586,3.866
30-Sep-13,3.409,3.617,3.483,3.291,3.348,3.176,3.549,3.802
7-Oct-13,3.363,3.573,3.429,3.25,3.275,3.127,3.507,3.737
14-Oct-13,3.348,3.525,3.398,3.257,3.295,3.107,3.459,3.684
21-Oct-13,3.353,3.492,3.382,3.29,3.314,3.129,3.426,3.655
28-Oct-13,3.318,3.459,3.362,3.243,3.198,3.072,3.368,3.609
4-Nov-13,3.289,3.43,3.336,3.212,3.188,3.03,3.307,3.564
11-Nov-13,3.243,3.393,3.295,3.159,3.074,2.978,3.227,3.507
18-Nov-13,3.282,3.396,3.341,3.203,3.126,3.004,3.183,3.467
25-Nov-13,3.386,3.453,3.423,3.338,3.191,3.14,3.145,3.457
2-Dec-13,3.389,3.475,3.441,3.325,3.121,3.124,3.113,3.475
9-Dec-13,3.382,3.494,3.447,3.3,3.132,3.104,3.077,3.477
16-Dec-13,3.373,3.508,3.457,3.27,3.079,3.047,3.055,3.472
23-Dec-13,3.38,3.52,3.466,3.275,3.16,3.061,3.055,3.483
30-Dec-13,3.413,3.548,3.511,3.3,3.264,3.117,3.1,3.526
6-Jan-14,3.438,3.556,3.532,3.333,3.222,3.123,3.12,3.547
13-Jan-14,3.41,3.53,3.5,3.308,3.253,3.108,3.148,3.526
20-Jan-14,3.388,3.49,3.459,3.305,3.2,3.103,3.145,3.492
27-Jan-14,3.376,3.464,3.45,3.293,3.219,3.092,3.134,3.486
3-Feb-14,3.357,3.446,3.435,3.272,3.233,3.083,3.125,3.492
10-Feb-14,3.348,3.45,3.43,3.256,3.282,3.086,3.137,3.517
17-Feb-14,3.41,3.488,3.505,3.315,3.357,3.179,3.239,3.572
24-Feb-14,3.464,3.547,3.55,3.376,3.439,3.209,3.322,3.652
3-Mar-14,3.473,3.568,3.573,3.37,3.496,3.227,3.39,3.708
10-Mar-14,3.493,3.593,3.597,3.385,3.538,3.252,3.437,3.755
17-Mar-14,3.521,3.604,3.593,3.442,3.574,3.283,3.455,3.81
24-Mar-14,3.527,3.598,3.588,3.459,3.551,3.319,3.457,3.823
31-Mar-14,3.555,3.604,3.585,3.518,3.589,3.343,3.451,3.852
7-Apr-14,3.578,3.603,3.593,3.559,3.578,3.392,3.446,3.88
14-Apr-14,3.609,3.638,3.611,3.599,3.633,3.472,3.438,3.977
21-Apr-14,3.662,3.685,3.674,3.645,3.64,3.491,3.446,4.027
28-Apr-14,3.706,3.755,3.748,3.66,3.662,3.491,3.482,4.073
5-May-14,3.699,3.752,3.742,3.651,3.595,3.465,3.501,4.055
12-May-14,3.677,3.739,3.729,3.621,3.596,3.437,3.51,4.022
19-May-14,3.659,3.728,3.704,3.605,3.611,3.439,3.505,4.015
26-May-14,3.657,3.729,3.711,3.596,3.651,3.435,3.502,4.004
2-Jun-14,3.646,3.725,3.703,3.58,3.713,3.44,3.504,4.007
9-Jun-14,3.633,3.723,3.7,3.556,3.692,3.418,3.507,3.995
16-Jun-14,3.64,3.743,3.706,3.559,3.714,3.428,3.53,3.999
23-Jun-14,3.667,3.761,3.738,3.587,3.693,3.494,3.606,4.011
30-Jun-14,3.678,3.771,3.753,3.595,3.671,3.483,3.629,4.036
7-Jul-14,3.66,3.775,3.743,3.564,3.614,3.462,3.642,4.037
14-Jul-14,3.629,3.756,3.707,3.534,3.539,3.44,3.644,4.001
21-Jul-14,3.587,3.718,3.665,3.489,3.497,3.394,3.64,3.957
28-Jul-14,3.542,3.693,3.613,3.444,3.409,3.349,3.645,3.922
4-Aug-14,3.504,3.648,3.574,3.408,3.416,3.306,3.641,3.891
11-Aug-14,3.466,3.608,3.533,3.374,3.451,3.271,3.652,3.87
18-Aug-14,3.433,3.58,3.491,3.347,3.395,3.264,3.658,3.845
25-Aug-14,3.402,3.546,3.456,3.32,3.397,3.238,3.651,3.825
1-Sep-14,3.409,3.546,3.451,3.336,3.432,3.216,3.639,3.797
8-Sep-14,3.407,3.546,3.458,3.327,3.438,3.223,3.626,3.774
15-Sep-14,3.378,3.528,3.434,3.291,3.357,3.173,3.593,3.741
22-Sep-14,3.344,3.488,3.394,3.264,3.275,3.127,3.544,3.683
29-Sep-14,3.338,3.464,3.381,3.267,3.299,3.156,3.494,3.645
6-Oct-14,3.313,3.41,3.35,3.256,3.195,3.109,3.433,3.61
13-Oct-14,3.234,3.353,3.291,3.155,3.084,3.008,3.343,3.536
20-Oct-14,3.134,3.254,3.206,3.044,3.028,2.912,3.25,3.424
27-Oct-14,3.049,3.191,3.129,2.947,3.017,2.83,3.197,3.324
3-Nov-14,2.991,3.117,3.079,2.887,2.959,2.769,3.14,3.237
10-Nov-14,2.947,3.061,3.023,2.856,2.906,2.723,3.076,3.168
17-Nov-14,2.908,3.014,2.99,2.815,2.856,2.673,3.011,3.114
24-Nov-14,2.854,2.964,2.953,2.747,2.762,2.593,2.933,3.048
1-Dec-14,2.82,2.944,2.923,2.705,2.715,2.531,2.861,3.016
8-Dec-14,2.738,2.85,2.841,2.627,2.586,2.44,2.74,2.94
15-Dec-14,2.638,2.748,2.737,2.532,2.417,2.328,2.586,2.833
22-Dec-14,2.524,2.633,2.64,2.405,2.224,2.176,2.384,2.699
29-Dec-14,2.439,2.555,2.563,2.312,2.088,2.073,2.228,2.617
5-Jan-15,2.357,2.454,2.481,2.235,1.974,1.993,2.114,2.582
12-Jan-15,2.253,2.35,2.365,2.141,1.95,1.911,1.986,2.49
19-Jan-15,2.158,2.222,2.267,2.057,1.918,1.844,1.908,2.382
26-Jan-15,2.104,2.166,2.19,2.021,1.936,1.85,1.873,2.329
2-Feb-15,2.088,2.145,2.178,2.004,2.029,1.86,1.867,2.328
9-Feb-15,2.192,2.196,2.274,2.129,2.166,1.984,1.946,2.474
16-Feb-15,2.253,2.251,2.314,2.208,2.237,2.074,1.995,2.622
23-Feb-15,2.303,2.299,2.368,2.255,2.274,2.109,2.041,2.758
2-Mar-15,2.386,2.4,2.449,2.335,2.378,2.215,2.123,3.13
9-Mar-15,2.421,2.468,2.503,2.345,2.339,2.228,2.232,3.182
16-Mar-15,2.401,2.446,2.482,2.326,2.285,2.22,2.288,3.116
23-Mar-15,2.361,2.392,2.439,2.293,2.391,2.191,2.303,3.047
30-Mar-15,2.371,2.364,2.419,2.337,2.378,2.187,2.313,3
6-Apr-15,2.352,2.359,2.412,2.306,2.312,2.183,2.319,2.954
13-Apr-15,2.355,2.349,2.416,2.312,2.303,2.188,2.351,2.922
20-Apr-15,2.443,2.491,2.527,2.366,2.397,2.242,2.427,2.968
27-Apr-15,2.517,2.568,2.602,2.439,2.439,2.305,2.478,3.182
4-May-15,2.578,2.641,2.673,2.488,2.499,2.384,2.567,3.416
11-May-15,2.608,2.665,2.709,2.516,2.508,2.436,2.634,3.444
18-May-15,2.629,2.681,2.712,2.551,2.597,2.466,2.688,3.513
25-May-15,2.666,2.722,2.735,2.597,2.655,2.486,2.728,3.487
1-Jun-15,2.671,2.724,2.741,2.603,2.694,2.483,2.738,3.444
8-Jun-15,2.691,2.743,2.751,2.63,2.677,2.536,2.758,3.377
15-Jun-15,2.742,2.788,2.803,2.683,2.794,2.593,2.785,3.334
22-Jun-15,2.729,2.806,2.786,2.663,2.743,2.574,2.788,3.329
29-Jun-15,2.727,2.796,2.803,2.65,2.736,2.542,2.791,3.309
6-Jul-15,2.718,2.78,2.8,2.637,2.736,2.521,2.81,3.297
13-Jul-15,2.705,2.769,2.787,2.625,2.721,2.527,2.818,3.589
20-Jul-15,2.666,2.735,2.746,2.586,2.671,2.488,2.841,3.604
27-Jul-15,2.625,2.702,2.701,2.544,2.583,2.439,2.856,3.545
3-Aug-15,2.576,2.648,2.669,2.486,2.518,2.393,2.828,3.48
10-Aug-15,2.524,2.598,2.617,2.433,2.474,2.336,2.798,3.361
17-Aug-15,2.492,2.558,2.577,2.408,2.79,2.336,2.835,3.363
24-Aug-15,2.432,2.491,2.509,2.356,2.669,2.287,2.82,3.283
31-Aug-15,2.344,2.4,2.423,2.269,2.468,2.196,2.768,3.162
7-Sep-15,2.308,2.371,2.399,2.22,2.345,2.137,2.73,3.091
14-Sep-15,2.256,2.334,2.345,2.167,2.28,2.091,2.683,2.992
21-Sep-15,2.202,2.291,2.294,2.107,2.271,2.025,2.606,2.911
28-Sep-15,2.185,2.256,2.255,2.113,2.325,2.015,2.539,2.836
5-Oct-15,2.172,2.23,2.22,2.118,2.352,2.035,2.477,2.785
12-Oct-15,2.194,2.216,2.235,2.157,2.405,2.051,2.424,2.748
19-Oct-15,2.165,2.182,2.224,2.115,2.3,2.003,2.356,2.699
26-Oct-15,2.128,2.163,2.195,2.068,2.228,1.945,2.302,2.677
2-Nov-15,2.114,2.153,2.174,2.057,2.268,1.916,2.24,2.646
9-Nov-15,2.164,2.176,2.229,2.111,2.215,1.972,2.181,2.667
16-Nov-15,2.155,2.168,2.22,2.103,2.085,1.926,2.136,2.636
23-Nov-15,2.107,2.148,2.184,2.036,1.935,1.854,2.092,2.579
30-Nov-15,2.087,2.15,2.176,2.002,1.877,1.824,2.052,2.551
7-Dec-15,2.074,2.135,2.171,1.983,1.89,1.816,2.014,2.537
14-Dec-15,2.043,2.095,2.137,1.958,1.901,1.788,1.995,2.514
21-Dec-15,2.035,2.08,2.115,1.962,1.846,1.781,1.994,2.57
28-Dec-15,2.015,2.056,2.093,1.943,1.873,1.76,1.972,2.63
4-Jan-16,1.999,2.039,2.074,1.93,1.86,1.75,1.964,2.663
11-Jan-16,1.97,2.007,2.053,1.896,1.821,1.727,1.946,2.63
18-Jan-16,1.905,1.95,1.979,1.838,1.712,1.672,1.906,2.523
25-Jan-16,1.866,1.916,1.949,1.79,1.63,1.628,1.861,2.459
1-Feb-16,1.836,1.887,1.914,1.763,1.622,1.59,1.803,2.375
8-Feb-16,1.794,1.842,1.879,1.716,1.518,1.561,1.753,2.312
15-Feb-16,1.755,1.798,1.822,1.692,1.522,1.528,1.691,2.217
22-Feb-16,1.734,1.777,1.807,1.667,1.609,1.526,1.673,2.141
29-Feb-16,1.738,1.77,1.802,1.681,1.722,1.559,1.702,2.208
7-Mar-16,1.779,1.778,1.819,1.749,1.815,1.603,1.784,2.244
14-Mar-16,1.884,1.885,1.922,1.856,1.929,1.746,1.867,2.394
21-Mar-16,1.938,1.919,1.957,1.93,1.939,1.805,1.902,2.48
28-Mar-16,2.02,2.031,2.05,1.995,1.957,1.863,1.947,2.57
4-Apr-16,2.033,2.056,2.071,1.997,1.988,1.869,1.969,2.58
11-Apr-16,2.033,2.072,2.089,1.98,1.965,1.835,2.001,2.563
18-Apr-16,2.097,2.155,2.171,2.023,2.057,1.91,2.078,2.591
25-Apr-16,2.126,2.188,2.201,2.051,2.097,1.913,2.116,2.596
2-May-16,2.215,2.25,2.269,2.163,2.183,1.995,2.167,2.635
9-May-16,2.217,2.27,2.28,2.155,2.116,1.987,2.214,2.634
16-May-16,2.216,2.263,2.282,2.153,2.178,1.987,2.243,2.644
23-May-16,2.248,2.315,2.316,2.178,2.28,2.064,2.3,2.658
30-May-16,2.288,2.353,2.348,2.224,2.34,2.09,2.316,2.673
6-Jun-16,2.314,2.356,2.345,2.277,2.409,2.142,2.314,2.698
13-Jun-16,2.308,2.363,2.35,2.26,2.466,2.135,2.322,2.721
20-Jun-16,2.276,2.341,2.332,2.215,2.37,2.096,2.33,2.72
27-Jun-16,2.257,2.34,2.323,2.183,2.291,2.097,2.319,2.764
4-Jul-16,2.233,2.323,2.304,2.153,2.208,2.074,2.305,2.759
11-Jul-16,2.198,2.276,2.272,2.118,2.155,2.045,2.288,2.731
18-Jul-16,2.155,2.247,2.229,2.072,2.152,2.007,2.276,2.721
25-Jul-16,2.12,2.209,2.201,2.033,2.078,1.98,2.264,2.67
1-Aug-16,2.1,2.168,2.172,2.025,2.075,1.944,2.252,2.614
8-Aug-16,2.066,2.125,2.144,1.991,2.115,1.928,2.226,2.573
15-Aug-16,2.075,2.104,2.143,2.016,2.121,1.938,2.214,2.534
22-Aug-16,2.126,2.166,2.187,2.068,2.171,1.964,2.229,2.573
29-Aug-16,2.172,2.201,2.22,2.128,2.227,2.009,2.263,2.592
5-Sep-16,2.173,2.202,2.225,2.125,2.18,2.005,2.267,2.594
12-Sep-16,2.147,2.18,2.204,2.095,2.135,1.973,2.274,2.632
19-Sep-16,2.192,2.192,2.218,2.172,2.154,1.967,2.265,2.65
26-Sep-16,2.203,2.193,2.232,2.184,2.144,1.964,2.246,2.651
3-Oct-16,2.206,2.225,2.236,2.178,2.173,2.007,2.242,2.679
10-Oct-16,2.229,2.249,2.256,2.204,2.221,2.038,2.244,2.675
17-Oct-16,2.237,2.247,2.263,2.216,2.155,2.043,2.269,2.679
24-Oct-16,2.232,2.248,2.274,2.196,2.107,2.056,2.286,2.68
31-Oct-16,2.219,2.248,2.271,2.172,2.075,2.042,2.293,2.697
7-Nov-16,2.24,2.255,2.335,2.165,2.082,2.015,2.268,2.686
14-Nov-16,2.217,2.225,2.321,2.138,1.994,1.975,2.235,2.645
21-Nov-16,2.172,2.197,2.291,2.075,2.014,1.918,2.185,2.591
28-Nov-16,2.164,2.192,2.284,2.067,2.039,1.906,2.146,2.572
5-Dec-16,2.231,2.236,2.34,2.147,2.107,1.979,2.12,2.571
12-Dec-16,2.259,2.257,2.363,2.181,2.162,2.008,2.122,2.556
19-Dec-16,2.29,2.281,2.378,2.226,2.192,2.053,2.135,2.563
26-Dec-16,2.313,2.311,2.416,2.237,2.28,2.08,2.175,2.592
2-Jan-17,2.386,2.371,2.496,2.307,2.347,2.148,2.234,2.651
9-Jan-17,2.395,2.378,2.515,2.31,2.344,2.168,2.259,2.68
16-Jan-17,2.374,2.357,2.504,2.282,2.283,2.142,2.264,2.683
23-Jan-17,2.348,2.337,2.485,2.25,2.219,2.124,2.256,2.676
30-Jan-17,2.32,2.314,2.458,2.22,2.168,2.089,2.255,2.678
6-Feb-17,2.301,2.294,2.432,2.206,2.181,2.071,2.233,2.7
13-Feb-17,2.293,2.296,2.424,2.195,2.213,2.08,2.23,2.732
20-Feb-17,2.294,2.288,2.42,2.201,2.19,2.069,2.252,2.75
27-Feb-17,2.286,2.272,2.396,2.207,2.21,2.069,2.273,2.796
6-Mar-17,2.285,2.258,2.388,2.215,2.267,2.094,2.287,2.832
13-Mar-17,2.273,2.259,2.386,2.191,2.217,2.075,2.305,2.851
20-Mar-17,2.266,2.261,2.38,2.183,2.221,2.072,2.304,2.849
27-Mar-17,2.276,2.263,2.372,2.207,2.184,2.087,2.303,2.848
3-Apr-17,2.303,2.29,2.4,2.235,2.279,2.124,2.297,2.853
10-Apr-17,2.374,2.326,2.467,2.318,2.361,2.192,2.333,2.873
17-Apr-17,2.397,2.373,2.508,2.32,2.339,2.241,2.376,2.883
24-Apr-17,2.416,2.404,2.519,2.343,2.358,2.225,2.413,2.891
1-May-17,2.387,2.403,2.496,2.3,2.29,2.196,2.404,2.879
8-May-17,2.348,2.384,2.46,2.253,2.232,2.168,2.393,2.863
15-May-17,2.32,2.367,2.437,2.218,2.268,2.129,2.384,2.872
22-May-17,2.327,2.393,2.442,2.221,2.315,2.149,2.381,2.933
29-May-17,2.341,2.41,2.466,2.227,2.301,2.155,2.422,2.959
5-Jun-17,2.346,2.4,2.455,2.249,2.322,2.171,2.431,2.942
12-Jun-17,2.31,2.349,2.431,2.207,2.248,2.141,2.422,2.892
19-Jun-17,2.267,2.316,2.396,2.156,2.181,2.091,2.414,2.86
26-Jun-17,2.227,2.295,2.365,2.104,2.171,2.053,2.389,2.826
3-Jul-17,2.203,2.29,2.345,2.07,2.139,2.006,2.346,2.816
10-Jul-17,2.222,2.282,2.356,2.104,2.225,2.032,2.341,2.819
17-Jul-17,2.214,2.271,2.351,2.095,2.181,2.028,2.329,2.807
24-Jul-17,2.264,2.316,2.391,2.154,2.213,2.068,2.341,2.807
31-Jul-17,2.306,2.357,2.417,2.207,2.276,2.083,2.343,2.833
7-Aug-17,2.336,2.384,2.47,2.221,2.284,2.154,2.39,2.842
14-Aug-17,2.327,2.378,2.454,2.218,2.299,2.145,2.426,2.865
21-Aug-17,2.303,2.363,2.434,2.187,2.249,2.118,2.454,2.886
28-Aug-17,2.337,2.388,2.435,2.249,2.307,2.156,2.468,2.903
4-Sep-17,2.723,2.745,2.804,2.656,2.539,2.506,2.606,3.017
11-Sep-17,2.73,2.764,2.808,2.661,2.541,2.501,2.611,3.038
18-Sep-17,2.691,2.74,2.764,2.622,2.446,2.465,2.599,3.022
25-Sep-17,2.642,2.704,2.701,2.58,2.367,2.423,2.582,3.004
2-Oct-17,2.592,2.665,2.653,2.525,2.402,2.381,2.567,2.975
9-Oct-17,2.522,2.607,2.601,2.437,2.333,2.316,2.542,2.947
16-Oct-17,2.47,2.58,2.561,2.369,2.375,2.262,2.526,2.938
23-Oct-17,2.447,2.562,2.539,2.344,2.394,2.226,2.529,2.925
30-Oct-17,2.448,2.553,2.553,2.337,2.427,2.215,2.515,2.928
6-Nov-17,2.477,2.563,2.611,2.35,2.546,2.249,2.538,3.049
13-Nov-17,2.546,2.6,2.658,2.446,2.525,2.302,2.542,3.084
20-Nov-17,2.526,2.593,2.646,2.415,2.497,2.285,2.542,3.051
27-Nov-17,2.508,2.584,2.632,2.392,2.422,2.262,2.538,3.035
4-Dec-17,2.491,2.575,2.616,2.373,2.357,2.25,2.534,3.006
11-Dec-17,2.465,2.546,2.589,2.348,2.371,2.216,2.514,2.974
18-Dec-17,2.438,2.525,2.571,2.313,2.324,2.164,2.476,2.961
25-Dec-17,2.426,2.51,2.555,2.304,2.409,2.17,2.45,2.966
1-Jan-18,2.492,2.533,2.615,2.388,2.453,2.238,2.437,2.975
8-Jan-18,2.5,2.557,2.639,2.379,2.428,2.242,2.441,3.011
15-Jan-18,2.517,2.553,2.653,2.405,2.507,2.276,2.455,3.011
22-Jan-18,2.556,2.573,2.679,2.459,2.469,2.309,2.472,3.024
29-Jan-18,2.587,2.606,2.723,2.48,2.51,2.347,2.483,3.088
5-Feb-18,2.614,2.638,2.743,2.51,2.535,2.368,2.496,3.145
12-Feb-18,2.606,2.641,2.724,2.508,2.463,2.331,2.51,3.142
19-Feb-18,2.559,2.603,2.693,2.446,2.39,2.276,2.486,3.13
26-Feb-18,2.53,2.582,2.664,2.414,2.405,2.25,2.454,3.136
5-Mar-18,2.534,2.565,2.647,2.44,2.428,2.278,2.437,3.141
12-Mar-18,2.509,2.554,2.63,2.404,2.439,2.274,2.423,3.17
19-Mar-18,2.536,2.556,2.628,2.462,2.495,2.304,2.443,3.215
26-Mar-18,2.592,2.587,2.698,2.514,2.515,2.381,2.528,3.274
2-Apr-18,2.647,2.638,2.744,2.577,2.565,2.428,2.599,3.327
9-Apr-18,2.638,2.642,2.744,2.558,2.55,2.423,2.639,3.33
16-Apr-18,2.688,2.691,2.795,2.606,2.602,2.496,2.734,3.367
23-Apr-18,2.751,2.759,2.862,2.665,2.657,2.546,2.772,3.391
30-Apr-18,2.789,2.812,2.91,2.692,2.724,2.589,2.803,3.432
7-May-18,2.792,2.836,2.917,2.685,2.697,2.589,2.821,3.464
14-May-18,2.82,2.874,2.944,2.726,2.782,2.613,2.922,3.405
21-May-18,2.86,2.945,2.997,2.751,2.851,2.676,2.968,3.435
28-May-18,2.91,2.98,3.027,2.818,2.881,2.721,2.991,3.463
4-Jun-18,2.879,2.973,3,2.778,2.847,2.725,2.995,3.46
11-Jun-18,2.84,2.926,2.98,2.729,2.817,2.696,2.99,3.452
18-Jun-18,2.799,2.9,2.938,2.684,2.791,2.654,2.977,3.434
25-Jun-18,2.761,2.875,2.904,2.64,2.718,2.615,2.96,3.409
2-Jul-18,2.769,2.882,2.909,2.652,2.762,2.604,2.968,3.393
9-Jul-18,2.781,2.889,2.928,2.66,2.781,2.619,2.966,3.394
16-Jul-18,2.801,2.888,2.932,2.697,2.796,2.602,2.955,3.378
23-Jul-18,2.776,2.875,2.907,2.668,2.739,2.573,2.934,3.358
30-Jul-18,2.79,2.884,2.923,2.68,2.767,2.593,2.913,3.349
6-Aug-18,2.802,2.89,2.93,2.699,2.773,2.59,2.924,3.342
13-Aug-18,2.803,2.882,2.927,2.703,2.748,2.586,2.944,3.329
20-Aug-18,2.777,2.863,2.91,2.67,2.73,2.568,2.963,3.307
27-Aug-18,2.764,2.851,2.903,2.653,2.76,2.569,2.994,3.31
3-Sep-18,2.775,2.855,2.909,2.669,2.731,2.549,3.007,3.329
10-Sep-18,2.786,2.864,2.928,2.674,2.74,2.572,3.008,3.336
17-Sep-18,2.788,2.869,2.929,2.676,2.761,2.561,3.014,3.344
24-Sep-18,2.772,2.856,2.906,2.664,2.789,2.559,3.014,3.35
1-Oct-18,2.794,2.857,2.905,2.707,2.79,2.593,3,3.412
8-Oct-18,2.828,2.871,2.937,2.745,2.822,2.626,2.999,3.475
15-Oct-18,2.809,2.854,2.914,2.73,2.758,2.627,2.982,3.494
22-Oct-18,2.777,2.837,2.888,2.69,2.689,2.582,2.963,3.499
29-Oct-18,2.733,2.812,2.853,2.636,2.68,2.523,2.958,3.482
5-Nov-18,2.68,2.776,2.805,2.575,2.604,2.455,2.935,3.45
12-Nov-18,2.621,2.724,2.74,2.52,2.512,2.387,2.891,3.401
19-Nov-18,2.554,2.674,2.681,2.442,2.417,2.308,2.828,3.348
26-Nov-18,2.498,2.647,2.645,2.363,2.314,2.216,2.796,3.308
3-Dec-18,2.422,2.583,2.585,2.274,2.198,2.123,2.717,3.241
10-Dec-18,2.384,2.548,2.552,2.232,2.21,2.074,2.655,3.171
17-Dec-18,2.352,2.514,2.512,2.205,2.135,2.031,2.575,3.114
24-Dec-18,2.297,2.461,2.46,2.149,2.081,1.981,2.485,3.084
31-Dec-18,2.251,2.422,2.42,2.097,2.005,1.926,2.429,3.053
7-Jan-19,2.216,2.378,2.396,2.055,2.003,1.886,2.373,3.012
14-Jan-19,2.217,2.355,2.388,2.069,2.047,1.91,2.306,2.98
21-Jan-19,2.242,2.349,2.393,2.116,2.039,1.914,2.272,2.957
28-Jan-19,2.249,2.346,2.388,2.138,2.052,1.959,2.231,2.928
4-Feb-19,2.244,2.313,2.371,2.145,2.08,1.931,2.175,2.912
11-Feb-19,2.236,2.294,2.37,2.135,2.15,1.959,2.166,2.921
18-Feb-19,2.267,2.308,2.408,2.166,2.207,2.048,2.182,2.922
25-Feb-19,2.349,2.374,2.477,2.262,2.306,2.113,2.193,2.934
4-Mar-19,2.385,2.389,2.491,2.318,2.329,2.181,2.212,2.945
11-Mar-19,2.43,2.424,2.546,2.358,2.4,2.217,2.253,2.978
18-Mar-19,2.518,2.48,2.624,2.46,2.475,2.301,2.321,3.027
25-Mar-19,2.567,2.538,2.677,2.505,2.562,2.379,2.4,3.144
1-Apr-19,2.618,2.565,2.688,2.586,2.626,2.447,2.469,3.265
8-Apr-19,2.653,2.589,2.741,2.613,2.67,2.452,2.539,3.418
15-Apr-19,2.718,2.648,2.816,2.673,2.736,2.536,2.64,3.579
22-Apr-19,2.733,2.737,2.857,2.655,2.722,2.535,2.759,3.629
29-Apr-19,2.78,2.824,2.932,2.675,2.765,2.582,2.843,3.671
6-May-19,2.792,2.86,2.929,2.69,2.767,2.557,2.919,3.707
13-May-19,2.754,2.839,2.912,2.635,2.738,2.518,2.964,3.69
20-May-19,2.723,2.829,2.893,2.591,2.742,2.517,2.982,3.667
27-May-19,2.696,2.809,2.868,2.563,2.712,2.473,2.979,3.632
3-Jun-19,2.664,2.777,2.837,2.529,2.746,2.424,2.98,3.596
10-Jun-19,2.62,2.719,2.778,2.499,2.62,2.362,2.948,3.521
17-Jun-19,2.557,2.668,2.738,2.417,2.541,2.336,2.91,3.452
24-Jun-19,2.541,2.658,2.732,2.393,2.562,2.299,2.868,3.389
1-Jul-19,2.626,2.687,2.799,2.501,2.629,2.368,2.823,3.386
8-Jul-19,2.661,2.695,2.8,2.565,2.668,2.418,2.796,3.379
15-Jul-19,2.68,2.728,2.82,2.58,2.763,2.455,2.771,3.356
22-Jul-19,2.672,2.713,2.807,2.576,2.689,2.463,2.735,3.328
29-Jul-19,2.629,2.7,2.786,2.512,2.659,2.422,2.708,3.306
5-Aug-19,2.599,2.688,2.77,2.469,2.633,2.385,2.699,3.292
12-Aug-19,2.552,2.654,2.725,2.418,2.522,2.324,2.688,3.259
19-Aug-19,2.517,2.63,2.688,2.382,2.517,2.269,2.671,3.242
26-Aug-19,2.483,2.606,2.664,2.338,2.495,2.261,2.65,3.227
2-Sep-19,2.48,2.581,2.625,2.364,2.464,2.226,2.628,3.249
9-Sep-19,2.462,2.545,2.606,2.349,2.438,2.236,2.633,3.254
16-Sep-19,2.453,2.542,2.595,2.341,2.456,2.233,2.654,3.254
23-Sep-19,2.54,2.556,2.662,2.458,2.585,2.353,2.698,3.337
30-Sep-19,2.506,2.553,2.638,2.411,2.488,2.326,2.709,3.547
7-Oct-19,2.486,2.523,2.612,2.397,2.499,2.282,2.712,3.642
14-Oct-19,2.462,2.517,2.599,2.36,2.478,2.257,2.706,3.665
21-Oct-19,2.482,2.526,2.606,2.392,2.476,2.279,2.728,3.649
28-Oct-19,2.454,2.522,2.601,2.343,2.41,2.245,2.737,3.602
4-Nov-19,2.476,2.53,2.619,2.372,2.416,2.23,2.791,3.602
11-Nov-19,2.474,2.535,2.629,2.362,2.436,2.262,2.819,3.591
18-Nov-19,2.453,2.53,2.607,2.335,2.435,2.22,2.835,3.54
25-Nov-19,2.462,2.532,2.609,2.351,2.403,2.238,2.825,3.471
2-Dec-19,2.478,2.537,2.606,2.383,2.424,2.225,2.817,3.407
9-Dec-19,2.478,2.523,2.594,2.393,2.424,2.203,2.791,3.337
16-Dec-19,2.458,2.524,2.59,2.358,2.391,2.228,2.73,3.274
23-Dec-19,2.463,2.521,2.606,2.358,2.403,2.215,2.69,3.228
30-Dec-19,2.501,2.555,2.624,2.41,2.452,2.282,2.663,3.219
6-Jan-20,2.539,2.571,2.664,2.453,2.434,2.277,2.642,3.208
13-Jan-20,2.519,2.56,2.666,2.415,2.441,2.275,2.608,3.199
20-Jan-20,2.496,2.544,2.632,2.398,2.39,2.23,2.574,3.184
27-Jan-20,2.45,2.515,2.589,2.344,2.371,2.195,2.551,3.17
3-Feb-20,2.393,2.479,2.548,2.272,2.313,2.136,2.526,3.155
10-Feb-20,2.369,2.454,2.511,2.257,2.26,2.087,2.507,3.145
17-Feb-20,2.364,2.44,2.506,2.254,2.307,2.083,2.473,3.135
24-Feb-20,2.4,2.457,2.539,2.297,2.355,2.151,2.44,3.14
2-Mar-20,2.351,2.437,2.502,2.233,2.3,2.112,2.419,3.132
9-Mar-20,2.302,2.402,2.459,2.177,2.233,2.059,2.381,3.111
16-Mar-20,2.193,2.273,2.359,2.068,2.037,1.966,2.32,3.023
23-Mar-20,2.084,2.138,2.255,1.96,1.873,1.86,2.237,2.878
30-Mar-20,1.98,2.01,2.171,1.85,1.735,1.763,2.106,2.759
6-Apr-20,1.921,1.936,2.119,1.791,1.629,1.658,2.008,2.682
13-Apr-20,1.878,1.887,2.08,1.745,1.551,1.576,1.921,2.58
20-Apr-20,1.844,1.861,2.046,1.712,1.51,1.544,1.866,2.515
27-Apr-20,1.81,1.833,1.997,1.684,1.478,1.508,1.809,2.454
4-May-20,1.794,1.825,1.983,1.665,1.573,1.488,1.772,2.441
11-May-20,1.815,1.864,2.007,1.679,1.751,1.501,1.764,2.452
18-May-20,1.833,1.878,2.037,1.692,1.783,1.541,1.82,2.479
25-May-20,1.906,1.937,2.082,1.787,1.885,1.598,1.991,2.552
1-Jun-20,1.913,1.94,2.096,1.79,1.893,1.619,2.093,2.578
8-Jun-20,1.95,2,2.126,1.824,1.987,1.68,2.177,2.632
15-Jun-20,2.022,2.037,2.156,1.933,2.026,1.776,2.234,2.68
22-Jun-20,2.05,2.053,2.193,1.959,2.056,1.815,2.272,2.72
29-Jun-20,2.086,2.096,2.237,1.989,2.11,1.87,2.315,2.754
6-Jul-20,2.1,2.097,2.239,2.015,2.102,1.859,2.325,2.768
13-Jul-20,2.112,2.114,2.252,2.023,2.125,1.87,2.326,2.8
20-Jul-20,2.106,2.121,2.253,2.009,2.091,1.875,2.318,2.816
27-Jul-20,2.093,2.118,2.248,1.991,2.075,1.856,2.324,2.824
3-Aug-20,2.105,2.118,2.237,2.018,2.055,1.847,2.37,2.832
10-Aug-20,2.093,2.115,2.239,1.996,2.059,1.813,2.368,2.825
17-Aug-20,2.086,2.115,2.233,1.988,2.051,1.85,2.344,2.832
24-Aug-20,2.096,2.121,2.235,2.003,2.073,1.866,2.35,2.855
31-Aug-20,2.156,2.162,2.32,2.052,2.121,1.889,2.345,2.858
7-Sep-20,2.168,2.151,2.308,2.085,2.066,1.89,2.345,2.858
14-Sep-20,2.138,2.13,2.285,2.05,2.027,1.857,2.329,2.855
21-Sep-20,2.114,2.124,2.263,2.019,2.034,1.838,2.314,2.836
28-Sep-20,2.108,2.114,2.257,2.016,2.059,1.836,2.296,2.817
5-Oct-20,2.13,2.101,2.27,2.052,2.049,1.827,2.274,2.807
12-Oct-20,2.131,2.112,2.286,2.041,2.032,1.839,2.264,2.798
19-Oct-20,2.118,2.102,2.282,2.019,2,1.83,2.257,2.79
26-Oct-20,2.094,2.094,2.264,1.988,2.011,1.832,2.237,2.786
2-Nov-20,2.07,2.084,2.243,1.959,1.969,1.786,2.216,2.772
9-Nov-20,2.047,2.084,2.223,1.929,1.968,1.748,2.201,2.765
16-Nov-20,2.074,2.086,2.256,1.957,1.963,1.782,2.196,2.765
23-Nov-20,2.072,2.077,2.25,1.961,1.94,1.772,2.177,2.765
30-Nov-20,2.106,2.098,2.305,1.982,1.946,1.788,2.178,2.77
7-Dec-20,2.138,2.119,2.312,2.032,2.005,1.836,2.172,2.773
14-Dec-20,2.14,2.145,2.319,2.027,2.008,1.842,2.167,2.768
21-Dec-20,2.191,2.19,2.36,2.086,2.119,1.932,2.188,2.777
28-Dec-20,2.198,2.213,2.357,2.095,2.17,1.928,2.191,2.792
4-Jan-21,2.219,2.236,2.387,2.11,2.151,1.928,2.188,2.807
11-Jan-21,2.295,2.281,2.448,2.201,2.215,2.018,2.212,2.85
18-Jan-21,2.349,2.361,2.519,2.238,2.278,2.113,2.241,2.91
25-Jan-21,2.373,2.379,2.534,2.27,2.278,2.103,2.263,2.934
1-Feb-21,2.378,2.4,2.54,2.273,2.314,2.108,2.284,2.958
8-Feb-21,2.438,2.446,2.589,2.341,2.362,2.163,2.329,3.001
15-Feb-21,2.47,2.474,2.628,2.369,2.399,2.216,2.39,3.043
22-Feb-21,2.604,2.563,2.743,2.526,2.562,2.341,2.439,3.15
1-Mar-21,2.652,2.642,2.811,2.555,2.662,2.411,2.566,3.276
8-Mar-21,2.704,2.694,2.856,2.61,2.706,2.495,2.708,3.344
15-Mar-21,2.787,2.761,2.899,2.723,2.764,2.605,2.839,3.432
22-Mar-21,2.807,2.779,2.901,2.753,2.743,2.623,2.938,3.468
29-Mar-21,2.778,2.764,2.877,2.719,2.747,2.602,2.95,3.473
5-Apr-21,2.765,2.76,2.87,2.7,2.782,2.587,2.95,3.487
12-Apr-21,2.754,2.744,2.85,2.695,2.754,2.577,2.952,3.507
19-Apr-21,2.75,2.754,2.847,2.688,2.772,2.565,2.973,3.527
26-Apr-21,2.758,2.785,2.885,2.672,2.795,2.586,2.993,3.552
3-May-21,2.777,2.804,2.913,2.686,2.806,2.583,3.018,3.598
10-May-21,2.863,2.871,2.991,2.78,2.865,2.667,3.062,3.647
17-May-21,2.939,2.932,3.038,2.876,2.914,2.778,3.129,3.675
24-May-21,2.934,2.937,3.043,2.865,2.896,2.75,3.145,3.698
31-May-21,2.928,2.938,3.042,2.853,2.931,2.717,3.157,3.724
7-Jun-21,2.931,2.95,3.058,2.846,2.951,2.705,3.193,3.747
14-Jun-21,2.963,2.964,3.079,2.891,2.987,2.754,3.216,3.756
21-Jun-21,2.96,2.981,3.086,2.878,2.964,2.726,3.268,3.764
28-Jun-21,2.978,3.011,3.111,2.887,2.99,2.776,3.356,3.811
5-Jul-21,3.008,3.039,3.133,2.924,3.026,2.796,3.434,3.842
12-Jul-21,3.013,3.05,3.143,2.924,3.023,2.826,3.486,3.867
19-Jul-21,3.023,3.054,3.164,2.929,3.06,2.833,3.559,3.881
26-Jul-21,3.009,3.046,3.158,2.91,3.03,2.806,3.598,3.883
2-Aug-21,3.026,3.051,3.188,2.921,3.049,2.835,3.64,3.914
9-Aug-21,3.04,3.055,3.18,2.95,3.064,2.83,3.672,3.936
16-Aug-21,3.038,3.055,3.182,2.945,3.054,2.846,3.673,3.957
23-Aug-21,3.023,3.058,3.172,2.923,2.999,2.803,3.664,3.945
30-Aug-21,3.02,3.062,3.179,2.911,3.003,2.774,3.649,3.935
6-Sep-21,3.065,3.088,3.221,2.963,3.047,2.826,3.648,3.934
13-Sep-21,3.055,3.1,3.219,2.944,3.029,2.813,3.625,3.936
20-Sep-21,3.086,3.101,3.241,2.987,3.065,2.807,3.599,3.929
27-Sep-21,3.077,3.095,3.239,2.974,3.036,2.84,3.578,3.919
4-Oct-21,3.082,3.101,3.239,2.98,3.071,2.835,3.568,3.941
11-Oct-21,3.182,3.198,3.332,3.085,3.143,2.935,3.562,3.968
18-Oct-21,3.243,3.311,3.401,3.129,3.202,2.984,3.566,4.013
25-Oct-21,3.338,3.38,3.48,3.242,3.217,3.062,3.559,4.069
1-Nov-21,3.344,3.397,3.48,3.246,3.213,3.067,3.557,4.104
8-Nov-21,3.341,3.427,3.483,3.232,3.257,3.102,3.551,4.129
15-Nov-21,3.336,3.425,3.499,3.213,3.218,3.071,3.543,4.169
22-Nov-21,3.348,3.425,3.498,3.236,3.198,3.03,3.524,4.192
